1,Eugene,Washington,ewashington0@cbsnews.com,Male,108.143.135.189,62-(598)116-8548
2,Marilyn,Hill,mhill1@newyorker.com,Female,82.183.16.131,53-(636)150-7938
3,Shirley,Young,syoung2@ow.ly,Female,148.95.1.86,33-(570)948-5083
4,Mary,Sanchez,msanchez3@auda.org.au,Female,52.27.126.206,86-(757)253-5845
5,Joe,Boyd,jboyd4@stumbleupon.com,Male,55.159.236.59,86-(862)266-2179
6,Pamela,Hunt,phunt5@cafepress.com,Female,159.144.12.3,52-(387)186-8177
7,Evelyn,Castillo,ecastillo6@biblegateway.com,Female,49.72.78.199,976-(362)918-6655
8,Tina,Oliver,toliver7@cbslocal.com,Female,204.178.252.139,1-(214)867-9093
9,Donald,Burton,dburton8@weibo.com,Male,161.51.167.61,86-(526)458-5949
10,Julie,Simpson,jsimpson9@theglobeandmail.com,Female,115.0.56.131,86-(293)569-4924
11,Willie,Bryant,wbryanta@hubpages.com,Male,69.165.206.115,420-(774)505-1534
12,Jose,Bryant,jbryantb@nba.com,Male,195.254.147.60,358-(895)120-9436
13,Melissa,Hunt,mhuntc@illinois.edu,Female,96.186.171.108,351-(993)245-0328
14,Pamela,Martinez,pmartinezd@yolasite.com,Female,92.144.47.135,1-(222)108-2713
15,Stephanie,Fernandez,sfernandeze@elpais.com,Female,104.59.172.250,63-(744)814-2546
16,Craig,Moore,cmooref@ibm.com,Male,225.117.218.148,420-(354)938-9855
17,Dennis,Tucker,dtuckerg@nifty.com,Male,195.172.112.101,220-(628)736-3400
18,Roger,Wright,rwrighth@e-recht24.de,Male,151.5.154.104,58-(157)973-5151
19,Jacqueline,Larson,jlarsoni@miibeian.gov.cn,Female,198.89.79.125,62-(249)358-6145
20,Andrea,Alvarez,aalvarezj@imgur.com,Female,193.179.219.122,1-(628)396-2002
21,Bonnie,Bryant,bbryantk@disqus.com,Female,180.54.73.92,86-(888)262-1762
22,Harry,Ramirez,hramirezl@nymag.com,Male,116.20.103.194,86-(185)128-4135
23,Randy,Snyder,rsnyderm@epa.gov,Male,202.174.52.45,63-(162)978-0194
24,Richard,Carroll,rcarrolln@goo.ne.jp,Male,244.208.207.135,351-(918)562-0141
25,Keith,Hudson,khudsono@scientificamerican.com,Male,156.223.198.162,86-(193)206-3740
26,Lois,Franklin,lfranklinp@liveinternet.ru,Female,198.215.229.190,63-(975)332-2755
27,Dorothy,Perry,dperryq@intel.com,Female,215.35.79.202,64-(165)267-0932
28,Donald,Roberts,drobertsr@pcworld.com,Male,81.44.242.233,27-(300)928-5912
29,Daniel,Young,dyoungs@livejournal.com,Male,80.57.244.142,593-(627)335-4788
30,George,Montgomery,gmontgomeryt@google.it,Male,28.188.31.101,234-(393)528-3919
31,Gregory,Palmer,gpalmeru@prlog.org,Male,38.231.101.167,216-(325)129-4310
32,Jessica,Porter,jporterv@miibeian.gov.cn,Female,205.81.80.113,86-(925)428-6490
33,Wayne,Edwards,wedwardsw@unicef.org,Male,21.164.219.4,86-(338)343-5868
34,Keith,Ortiz,kortizx@sourceforge.net,Male,205.17.220.60,86-(701)166-7921
35,Elizabeth,Burton,eburtony@qq.com,Female,45.198.51.99,86-(817)717-3096
36,Kathleen,Lopez,klopezz@github.io,Female,83.72.209.134,51-(150)479-0298
37,Aaron,Coleman,acoleman10@upenn.edu,Male,133.57.184.211,420-(441)293-7654
38,Charles,Gonzalez,cgonzalez11@biglobe.ne.jp,Male,174.100.32.179,33-(653)255-3182
39,Mildred,Hawkins,mhawkins12@ca.gov,Female,182.235.220.17,509-(489)842-2927
40,Tammy,Dixon,tdixon13@illinois.edu,Female,158.13.218.124,961-(293)516-4005
41,Shirley,Fox,sfox14@google.nl,Female,167.101.154.229,63-(215)548-3955
42,Andrew,Thompson,athompson15@mayoclinic.com,Male,88.155.33.5,385-(644)769-1029
43,Sara,Carr,scarr16@naver.com,Female,144.139.37.187,86-(371)792-4103
44,Susan,Fowler,sfowler17@tripadvisor.com,Female,14.151.254.97,46-(660)402-6773
45,Wayne,Cruz,wcruz18@gizmodo.com,Male,133.140.122.93,976-(697)201-9403
46,Benjamin,Castillo,bcastillo19@ask.com,Male,158.54.48.156,351-(829)203-3832
47,Rachel,Ruiz,rruiz1a@biblegateway.com,Female,112.52.100.46,86-(734)666-2085
48,Henry,Perez,hperez1b@discuz.net,Male,190.113.71.66,51-(534)310-8830
49,Jeffrey,Hunter,jhunter1c@topsy.com,Male,94.84.71.243,62-(970)576-9029
50,Wayne,Howard,whoward1d@booking.com,Male,134.151.191.74,216-(524)481-4823
51,Susan,Flores,sflores1e@indiatimes.com,Female,116.159.27.177,62-(945)661-5286
52,Gregory,James,gjames1f@lycos.com,Male,181.157.155.140,55-(254)459-5446
53,Douglas,Peters,dpeters1g@ycombinator.com,Male,139.58.64.27,98-(447)258-1265
54,James,Campbell,jcampbell1h@comcast.net,Male,81.137.17.131,86-(481)883-2848
55,Denise,Martin,dmartin1i@posterous.com,Female,20.9.255.109,51-(471)524-8653
56,Catherine,Medina,cmedina1j@youtu.be,Female,50.125.174.93,46-(376)568-4844
57,Michelle,Hunter,mhunter1k@theglobeandmail.com,Female,209.118.55.191,62-(672)788-3852
58,Ann,Alvarez,aalvarez1l@privacy.gov.au,Female,236.205.144.25,48-(355)183-9180
59,Amy,Hicks,ahicks1m@paginegialle.it,Female,230.170.216.153,86-(425)377-7995
60,Juan,Ruiz,jruiz1n@delicious.com,Male,91.250.112.238,963-(154)379-1805
61,Bonnie,Gilbert,bgilbert1o@yellowpages.com,Female,231.241.21.44,504-(400)626-0848
62,Patrick,Scott,pscott1p@springer.com,Male,106.70.90.181,62-(551)365-3754
63,Earl,Ward,eward1q@google.it,Male,82.206.104.166,81-(340)711-9562
64,Evelyn,Barnes,ebarnes1r@behance.net,Female,50.186.205.137,269-(721)787-3070
65,Walter,James,wjames1s@tumblr.com,Male,247.242.54.99,7-(355)990-8848
66,Ronald,Henry,rhenry1t@homestead.com,Male,80.73.145.35,380-(137)949-8855
67,Alice,Vasquez,avasquez1u@webmd.com,Female,176.39.183.226,82-(734)951-0259
68,Gregory,Perry,gperry1v@is.gd,Male,184.47.63.192,1-(323)360-5629
69,Keith,Coleman,kcoleman1w@guardian.co.uk,Male,8.23.29.62,33-(620)568-5871
70,Joyce,Watson,jwatson1x@jugem.jp,Female,108.150.127.203,57-(972)668-1346
71,Gregory,Martinez,gmartinez1y@google.cn,Male,140.25.145.136,249-(120)617-6129
72,Beverly,Shaw,bshaw1z@psu.edu,Female,84.143.173.156,63-(559)160-0782
73,Jean,Tucker,jtucker20@seesaa.net,Female,243.4.138.231,55-(731)544-2156
74,Eric,Mccoy,emccoy21@csmonitor.com,Male,44.53.33.81,996-(194)921-2074
75,Chris,Gardner,cgardner22@tuttocitta.it,Male,79.66.18.166,66-(256)338-8445
76,Jessica,Peterson,jpeterson23@artisteer.com,Female,26.150.133.134,86-(699)880-5369
77,Benjamin,Stanley,bstanley24@imgur.com,Male,120.39.189.145,1-(863)783-7549
78,Annie,Perry,aperry25@tamu.edu,Female,199.33.129.238,420-(155)348-7282
79,Arthur,Bryant,abryant26@networksolutions.com,Male,241.199.226.191,351-(188)901-8685
80,Maria,Lane,mlane27@cbc.ca,Female,108.10.226.237,86-(106)244-0306
81,Kathryn,Patterson,kpatterson28@bluehost.com,Female,44.184.73.230,63-(107)538-6598
82,Dorothy,Porter,dporter29@amazon.co.uk,Female,200.125.177.155,33-(861)191-0796
83,Randy,Mcdonald,rmcdonald2a@amazonaws.com,Male,236.88.239.137,1-(737)670-0654
84,Rose,Sullivan,rsullivan2b@mashable.com,Female,140.46.238.115,62-(744)403-5454
85,Adam,Carroll,acarroll2c@friendfeed.com,Male,125.146.134.193,48-(747)340-3836
86,Ernest,Webb,ewebb2d@oaic.gov.au,Male,254.28.217.193,503-(930)480-1715
87,Joshua,Peters,jpeters2e@uiuc.edu,Male,143.210.62.24,86-(638)427-2612
88,Lillian,Gomez,lgomez2f@amazon.co.jp,Female,183.247.187.82,7-(695)252-8606
89,Kathy,Wells,kwells2g@amazon.co.jp,Female,157.177.220.218,1-(773)294-9747
90,Benjamin,Carter,bcarter2h@devhub.com,Male,44.247.31.83,46-(198)804-0526
91,David,Gardner,dgardner2i@about.me,Male,201.164.26.208,62-(297)365-7934
92,Robin,Hunt,rhunt2j@artisteer.com,Female,176.175.89.244,62-(162)472-5842
93,Kathy,Snyder,ksnyder2k@nationalgeographic.com,Female,231.111.230.97,55-(443)665-4255
94,Irene,Holmes,iholmes2l@discovery.com,Female,143.250.127.248,86-(677)258-0519
95,Jessica,Gibson,jgibson2m@businessweek.com,Female,172.181.5.77,33-(704)244-7562
96,Victor,Hernandez,vhernandez2n@sfgate.com,Male,19.229.133.208,353-(157)981-4521
97,Donald,Flores,dflores2o@ning.com,Male,87.228.242.178,86-(653)966-5944
98,Lawrence,Carroll,lcarroll2p@theglobeandmail.com,Male,217.125.80.166,62-(682)303-7780
99,Kevin,Morales,kmorales2q@blogger.com,Male,182.111.163.112,30-(505)272-9322
100,Barbara,Bishop,bbishop2r@ow.ly,Female,140.31.53.152,57-(767)685-7237
101,George,Adams,gadams2s@networkadvertising.org,Male,55.14.0.103,86-(922)251-9178
102,Ruth,Cook,rcook2t@usgs.gov,Female,49.62.66.67,62-(973)634-3670
103,John,Watkins,jwatkins2u@topsy.com,Male,22.59.35.35,850-(867)152-0402
104,John,Williamson,jwilliamson2v@earthlink.net,Male,134.52.205.84,86-(751)626-1826
105,Russell,Carroll,rcarroll2w@prlog.org,Male,154.231.135.26,62-(104)167-5707
106,Eugene,Gordon,egordon2x@discovery.com,Male,152.24.123.16,62-(909)151-3514
107,David,Morrison,dmorrison2y@icio.us,Male,176.207.91.168,48-(915)279-0752
108,Betty,Hamilton,bhamilton2z@usa.gov,Female,216.180.28.249,7-(586)452-0870
109,Louise,Sanders,lsanders30@wiley.com,Female,40.95.212.133,86-(397)154-9952
110,Fred,Rodriguez,frodriguez31@example.com,Male,172.5.18.128,86-(605)795-7601
111,Walter,Ruiz,wruiz32@springer.com,Male,91.1.8.171,372-(309)308-2980
112,Anne,Duncan,aduncan33@abc.net.au,Female,246.188.134.187,86-(899)434-4614
113,Diane,Washington,dwashington34@intel.com,Female,70.164.182.172,62-(688)130-0743
114,Norma,Cooper,ncooper35@narod.ru,Female,5.149.214.22,992-(587)871-2215
115,Shawn,Harris,sharris36@imdb.com,Male,3.132.45.213,63-(127)565-6245
116,Frank,Gonzales,fgonzales37@omniture.com,Male,1.43.40.136,267-(408)403-9380
117,Lawrence,Ortiz,lortiz38@hao123.com,Male,165.77.218.254,55-(168)713-6310
118,Carolyn,Robinson,crobinson39@virginia.edu,Female,25.166.163.71,54-(946)170-7290
119,Kathy,Crawford,kcrawford3a@gnu.org,Female,226.51.175.134,63-(996)351-8163
120,Patrick,Cooper,pcooper3b@nsw.gov.au,Male,211.120.76.52,86-(818)260-0601
121,Ashley,Miller,amiller3c@va.gov,Female,11.1.98.16,57-(183)986-0314
122,Anthony,Nelson,anelson3d@springer.com,Male,63.190.149.88,60-(257)316-4981
123,Ryan,Kennedy,rkennedy3e@reverbnation.com,Male,88.221.240.47,86-(772)403-0144
124,Jeremy,Nelson,jnelson3f@liveinternet.ru,Male,32.55.96.112,63-(963)467-1923
125,Gary,Foster,gfoster3g@tumblr.com,Male,128.190.222.0,62-(890)854-8313
126,Kimberly,Long,klong3h@earthlink.net,Female,69.127.221.115,375-(435)383-5150
127,Theresa,Williamson,twilliamson3i@google.ru,Female,134.208.54.1,387-(245)381-0074
128,Julia,Evans,jevans3j@house.gov,Female,44.114.70.91,62-(614)661-0559
129,Clarence,Shaw,cshaw3k@elegantthemes.com,Male,66.100.200.161,62-(758)189-0491
130,Aaron,Wheeler,awheeler3l@wix.com,Male,34.192.217.220,7-(658)622-1873
131,Jeremy,Green,jgreen3m@clickbank.net,Male,189.194.112.133,66-(780)268-9617
132,Matthew,Ferguson,mferguson3n@topsy.com,Male,62.178.30.145,502-(187)333-0346
133,Stephanie,Griffin,sgriffin3o@narod.ru,Female,86.236.195.220,48-(464)262-8703
134,Jose,Wright,jwright3p@dedecms.com,Male,148.49.71.166,86-(576)861-7637
135,Cheryl,Hudson,chudson3q@taobao.com,Female,84.135.238.85,7-(711)202-7433
136,Ashley,Day,aday3r@elegantthemes.com,Female,127.170.220.243,46-(950)385-3183
137,Sharon,George,sgeorge3s@istockphoto.com,Female,74.136.147.207,48-(317)902-8910
138,Julie,Wheeler,jwheeler3t@meetup.com,Female,233.241.164.244,351-(156)992-6699
139,Benjamin,Stewart,bstewart3u@addtoany.com,Male,38.35.160.207,62-(328)659-1005
140,Samuel,Oliver,soliver3v@google.com,Male,187.55.252.42,1-(719)420-5115
141,Victor,Ross,vross3w@etsy.com,Male,155.194.198.167,31-(280)766-7997
142,Judith,Dixon,jdixon3x@globo.com,Female,10.80.159.239,54-(797)893-5388
143,Bonnie,Cruz,bcruz3y@blogspot.com,Female,124.210.4.137,7-(437)861-8350
144,Karen,Morgan,kmorgan3z@businesswire.com,Female,6.108.132.237,62-(680)969-8681
145,Nicholas,Wheeler,nwheeler40@indiegogo.com,Male,221.193.182.70,62-(544)415-1092
146,Maria,Cox,mcox41@msu.edu,Female,182.219.154.194,48-(226)828-0351
147,William,Moreno,wmoreno42@google.com.au,Male,230.95.235.74,86-(140)552-4002
148,Catherine,Rice,crice43@elegantthemes.com,Female,255.107.188.22,358-(405)980-9174
149,Norma,Owens,nowens44@epa.gov,Female,199.34.244.67,358-(397)472-5024
150,Patricia,Martin,pmartin45@gizmodo.com,Female,19.51.16.231,84-(405)652-4723
151,Jonathan,Martinez,jmartinez46@samsung.com,Male,38.122.95.251,86-(667)257-1833
152,Bruce,Medina,bmedina47@slideshare.net,Male,54.73.145.233,48-(161)637-0139
153,Phillip,Wright,pwright48@reverbnation.com,Male,85.198.0.72,86-(443)319-5032
154,Kimberly,Brooks,kbrooks49@cbslocal.com,Female,181.170.148.130,86-(315)123-3917
155,Nicole,George,ngeorge4a@mashable.com,Female,211.178.234.110,62-(369)578-9265
156,Justin,Oliver,joliver4b@aboutads.info,Male,242.128.87.75,7-(902)630-0323
157,Bobby,Murray,bmurray4c@army.mil,Male,227.43.147.193,1-(227)608-0119
158,Susan,Moore,smoore4d@thetimes.co.uk,Female,167.239.4.124,57-(778)109-5942
159,Martha,Carroll,mcarroll4e@youku.com,Female,233.33.42.189,30-(308)671-5219
160,Alan,Powell,apowell4f@netlog.com,Male,17.102.4.4,62-(777)125-9705
161,Matthew,Harris,mharris4g@ameblo.jp,Male,123.124.171.133,502-(675)186-2890
162,Tammy,Willis,twillis4h@miitbeian.gov.cn,Female,189.53.19.108,63-(151)918-3502
163,Craig,Mccoy,cmccoy4i@cbslocal.com,Male,13.243.217.187,357-(306)638-9081
164,Kathleen,Kim,kkim4j@weebly.com,Female,106.136.201.88,63-(523)267-1305
165,David,Sanchez,dsanchez4k@diigo.com,Male,134.115.128.164,86-(198)741-6367
166,Nancy,Fernandez,nfernandez4l@ca.gov,Female,225.10.3.109,66-(977)813-8708
167,Alice,Bradley,abradley4m@dagondesign.com,Female,161.174.127.185,358-(130)669-6882
168,Ruth,Burke,rburke4n@youtube.com,Female,121.170.239.33,84-(895)268-3847
169,Martha,Young,myoung4o@geocities.com,Female,12.41.243.223,62-(727)383-9439
170,Douglas,Kim,dkim4p@cbc.ca,Male,116.46.206.169,33-(985)502-8821
171,Jessica,Larson,jlarson4q@mail.ru,Female,223.211.139.251,63-(807)358-6987
172,Judith,Shaw,jshaw4r@blog.com,Female,1.108.182.141,351-(582)891-2210
173,Norma,Morrison,nmorrison4s@desdev.cn,Female,172.221.205.129,60-(194)322-4418
174,Carol,Morgan,cmorgan4t@baidu.com,Female,42.211.143.146,33-(119)660-3745
175,Barbara,Lopez,blopez4u@army.mil,Female,32.195.154.100,62-(658)555-1163
176,Phyllis,Carroll,pcarroll4v@ebay.com,Female,233.201.168.212,86-(585)623-8413
177,George,Hunt,ghunt4w@webmd.com,Male,108.15.120.178,62-(447)687-6047
178,Thomas,Hunter,thunter4x@goodreads.com,Male,37.164.52.234,86-(274)492-7397
179,Brandon,Alvarez,balvarez4y@wired.com,Male,198.254.76.118,86-(574)655-6438
180,Kelly,Lewis,klewis4z@oracle.com,Female,192.101.202.197,420-(618)415-5045
181,Larry,Elliott,lelliott50@flickr.com,Male,248.232.120.121,1-(321)517-8666
182,Nicole,Dean,ndean51@mediafire.com,Female,50.50.157.152,51-(487)802-4785
183,Linda,Carr,lcarr52@hud.gov,Female,203.208.167.40,62-(130)929-2189
184,Lori,Wallace,lwallace53@last.fm,Female,42.235.74.239,63-(447)941-7170
185,Ryan,Clark,rclark54@taobao.com,Male,29.57.2.20,62-(358)549-8924
186,Philip,Riley,priley55@wufoo.com,Male,234.58.64.123,48-(380)371-8864
187,Margaret,Martinez,mmartinez56@ebay.com,Female,60.85.188.152,352-(557)891-2287
188,Kevin,Thompson,kthompson57@ed.gov,Male,27.219.40.76,351-(766)615-4336
189,Sara,Green,sgreen58@bizjournals.com,Female,88.21.7.163,39-(216)850-0188
190,Craig,Morales,cmorales59@goo.gl,Male,27.89.153.132,62-(625)845-1269
191,George,Phillips,gphillips5a@multiply.com,Male,154.88.59.45,387-(771)489-2880
192,Betty,Riley,briley5b@uol.com.br,Female,91.120.6.244,55-(863)575-5304
193,Eugene,King,eking5c@nasa.gov,Male,164.122.203.198,52-(503)437-1516
194,Andrea,Crawford,acrawford5d@a8.net,Female,250.218.168.23,86-(659)679-5961
195,Steve,Perry,sperry5e@biglobe.ne.jp,Male,163.126.157.115,255-(243)140-9360
196,Cynthia,Allen,callen5f@digg.com,Female,84.58.52.0,351-(410)427-9835
197,Thomas,Price,tprice5g@chicagotribune.com,Male,211.157.175.163,48-(843)712-4893
198,Karen,Moreno,kmoreno5h@utexas.edu,Female,160.183.174.41,55-(367)708-7854
199,Samuel,Kennedy,skennedy5i@dot.gov,Male,194.18.107.177,66-(166)476-4931
200,Maria,Lynch,mlynch5j@sciencedirect.com,Female,231.54.152.195,62-(491)753-7022
201,Raymond,Snyder,rsnyder5k@parallels.com,Male,33.112.140.48,53-(841)209-3409
202,Dorothy,Green,dgreen5l@state.tx.us,Female,118.109.227.54,62-(544)923-9031
203,Anne,Sullivan,asullivan5m@wsj.com,Female,41.93.45.90,48-(840)215-4030
204,Victor,Graham,vgraham5n@usda.gov,Male,212.228.90.221,970-(166)427-1519
205,Carolyn,Peters,cpeters5o@netvibes.com,Female,117.64.229.112,1-(165)969-9229
206,Michelle,Cooper,mcooper5p@dailymail.co.uk,Female,244.215.68.105,63-(872)783-7407
207,Joan,Gomez,jgomez5q@intel.com,Female,140.125.55.172,51-(877)799-2990
208,Stephen,Brown,sbrown5r@disqus.com,Male,52.179.90.103,86-(108)303-0210
209,Scott,Olson,solson5s@miitbeian.gov.cn,Male,252.152.143.4,1-(817)405-0589
210,Rose,Bell,rbell5t@bigcartel.com,Female,195.254.220.100,1-(483)363-0534
211,Joyce,Ferguson,jferguson5u@ow.ly,Female,246.44.34.48,593-(936)276-0126
212,Sarah,Ruiz,sruiz5v@netvibes.com,Female,103.9.124.17,55-(274)748-1788
213,Christopher,Webb,cwebb5w@cloudflare.com,Male,62.98.37.107,55-(874)161-6275
214,Sean,Harrison,sharrison5x@edublogs.org,Male,41.182.205.85,297-(163)137-5584
215,Mark,Kim,mkim5y@economist.com,Male,34.87.72.180,7-(975)458-1498
216,Lori,Riley,lriley5z@opensource.org,Female,9.98.194.248,86-(420)965-6232
217,Evelyn,Murray,emurray60@w3.org,Female,114.45.249.209,86-(621)612-5637
218,Jeffrey,Tucker,jtucker61@4shared.com,Male,86.103.25.165,252-(515)215-1541
219,Charles,Russell,crussell62@about.me,Male,203.178.143.55,254-(988)841-3444
220,Thomas,Snyder,tsnyder63@mozilla.org,Male,128.18.138.42,84-(996)243-8962
221,Kelly,Gibson,kgibson64@spotify.com,Female,148.131.30.9,86-(897)461-8153
222,Ryan,Gray,rgray65@surveymonkey.com,Male,122.128.93.124,86-(907)173-5284
223,Christopher,Weaver,cweaver66@yandex.ru,Male,102.220.56.165,64-(258)591-0035
224,Diane,Carpenter,dcarpenter67@tripod.com,Female,119.13.61.232,86-(565)135-3704
225,Amy,Rodriguez,arodriguez68@deviantart.com,Female,78.12.223.173,48-(959)148-1462
226,Jennifer,Wheeler,jwheeler69@networksolutions.com,Female,134.38.167.9,63-(787)779-2949
227,Julie,Ward,jward6a@who.int,Female,73.122.155.48,230-(228)314-4937
228,Julia,Carter,jcarter6b@goo.gl,Female,132.82.51.210,63-(931)162-5658
229,Robin,Williamson,rwilliamson6c@umn.edu,Female,46.190.130.122,86-(193)491-0618
230,Jesse,Johnson,jjohnson6d@mayoclinic.com,Male,20.44.52.240,1-(368)661-2850
231,Lillian,Martinez,lmartinez6e@freewebs.com,Female,171.50.64.234,31-(946)155-0983
232,Randy,Peters,rpeters6f@diigo.com,Male,47.239.30.157,33-(368)163-4190
233,Lawrence,Porter,lporter6g@archive.org,Male,31.253.236.98,216-(543)637-8003
234,Ronald,Matthews,rmatthews6h@opensource.org,Male,130.82.104.145,49-(140)891-7022
235,Paula,Freeman,pfreeman6i@cbslocal.com,Female,203.178.28.199,55-(502)975-9244
236,Earl,Robertson,erobertson6j@ted.com,Male,153.81.157.40,7-(214)743-9498
237,William,Owens,wowens6k@seattletimes.com,Male,221.199.73.88,54-(119)821-9152
238,Louise,Burke,lburke6l@shop-pro.jp,Female,76.32.246.43,46-(598)248-3876
239,Dennis,Simmons,dsimmons6m@craigslist.org,Male,59.122.221.199,62-(955)885-9636
240,Diane,Nelson,dnelson6n@discuz.net,Female,201.165.45.109,7-(446)616-0572
241,Jesse,Boyd,jboyd6o@abc.net.au,Male,246.165.86.242,55-(690)830-8462
242,William,Cook,wcook6p@goo.ne.jp,Male,202.176.243.96,380-(232)332-4033
243,Amy,Cunningham,acunningham6q@unicef.org,Female,185.171.37.192,62-(987)771-7680
244,Benjamin,Palmer,bpalmer6r@seattletimes.com,Male,220.73.111.64,420-(463)737-9720
245,Craig,Richards,crichards6s@indiatimes.com,Male,127.40.145.133,51-(863)980-9842
246,Edward,Jacobs,ejacobs6t@accuweather.com,Male,105.105.242.102,1-(619)429-6563
247,Helen,Boyd,hboyd6u@photobucket.com,Female,184.25.159.184,92-(447)865-6716
248,Juan,Little,jlittle6v@ovh.net,Male,144.167.140.90,63-(167)754-6112
249,Bonnie,Lynch,blynch6w@go.com,Female,219.169.164.182,86-(197)657-0537
250,Janice,Shaw,jshaw6x@yolasite.com,Female,93.196.105.233,62-(364)997-0914
251,Shirley,Gutierrez,sgutierrez6y@europa.eu,Female,160.16.167.162,62-(793)598-2231
252,Janice,Moreno,jmoreno6z@csmonitor.com,Female,82.237.176.182,49-(417)514-7196
253,Michael,Ryan,mryan70@virginia.edu,Male,213.141.76.72,49-(703)508-0254
254,Andrea,Rice,arice71@ovh.net,Female,241.156.111.199,1-(574)666-8472
255,Anne,Mcdonald,amcdonald72@loc.gov,Female,169.77.244.222,387-(700)794-7090
256,Louise,Little,llittle73@mapquest.com,Female,7.37.124.72,972-(642)723-4833
257,Alan,Martin,amartin74@slashdot.org,Male,204.212.36.178,98-(573)944-4038
258,Jimmy,Johnson,jjohnson75@liveinternet.ru,Male,233.64.80.205,55-(885)180-8463
259,Pamela,Hanson,phanson76@goo.gl,Female,121.234.150.69,86-(533)862-4930
260,Virginia,Fields,vfields77@sitemeter.com,Female,42.89.30.208,7-(531)237-7539
261,Paula,Brooks,pbrooks78@nsw.gov.au,Female,145.61.154.240,66-(547)688-0652
262,Michael,Gomez,mgomez79@webeden.co.uk,Male,135.178.62.132,46-(272)609-5724
263,Jessica,Martinez,jmartinez7a@uol.com.br,Female,107.40.132.132,1-(831)829-5946
264,Rebecca,Brown,rbrown7b@netlog.com,Female,95.237.44.100,63-(393)128-9179
265,Karen,Marshall,kmarshall7c@npr.org,Female,207.197.50.143,593-(124)712-3612
266,Rebecca,Freeman,rfreeman7d@de.vu,Female,92.137.126.68,232-(391)946-8744
267,Lisa,Larson,llarson7e@yale.edu,Female,209.157.61.83,64-(990)353-2317
268,Rebecca,Graham,rgraham7f@sphinn.com,Female,58.117.49.154,227-(207)771-1973
269,Kenneth,Simmons,ksimmons7g@ebay.co.uk,Male,253.231.171.146,51-(417)662-9949
270,Kathleen,Armstrong,karmstrong7h@tripadvisor.com,Female,123.106.188.221,7-(496)964-5970
271,Harry,Morgan,hmorgan7i@mac.com,Male,42.131.66.243,55-(794)223-4226
272,Benjamin,Gardner,bgardner7j@nba.com,Male,134.158.174.17,351-(664)959-2845
273,Jacqueline,Foster,jfoster7k@google.pl,Female,118.233.124.233,1-(423)613-1572
274,Anthony,Warren,awarren7l@php.net,Male,111.178.208.175,46-(551)417-0219
275,Henry,Wells,hwells7m@angelfire.com,Male,72.139.1.201,62-(184)278-3423
276,Brenda,Gibson,bgibson7n@cam.ac.uk,Female,241.193.72.115,351-(371)903-3906
277,Robert,Daniels,rdaniels7o@blog.com,Male,112.72.61.221,7-(436)662-5087
278,Marilyn,Webb,mwebb7p@ibm.com,Female,94.206.4.120,7-(805)192-7683
279,Denise,Taylor,dtaylor7q@infoseek.co.jp,Female,175.135.34.168,62-(544)536-3826
280,Brandon,Campbell,bcampbell7r@mtv.com,Male,126.67.241.56,7-(423)929-5013
281,Kenneth,Morrison,kmorrison7s@wufoo.com,Male,180.111.138.91,420-(832)592-1633
282,Kenneth,Marshall,kmarshall7t@independent.co.uk,Male,188.98.141.193,30-(800)882-0347
283,Linda,Butler,lbutler7u@scribd.com,Female,54.18.98.246,62-(472)468-7816
284,Roy,Owens,rowens7v@friendfeed.com,Male,157.240.74.156,62-(658)489-0077
285,Marilyn,Gray,mgray7w@blog.com,Female,20.93.124.167,249-(221)486-1368
286,Helen,Wilson,hwilson7x@ifeng.com,Female,218.196.140.105,420-(695)363-7249
287,Raymond,Reyes,rreyes7y@alexa.com,Male,95.235.125.243,33-(625)947-5294
288,Christopher,Hayes,chayes7z@list-manage.com,Male,222.242.58.69,963-(980)318-7355
289,Evelyn,Price,eprice80@creativecommons.org,Female,237.226.153.175,86-(843)553-9841
290,Tammy,Hernandez,thernandez81@npr.org,Female,137.5.15.248,62-(864)747-4013
291,Carl,Burns,cburns82@clickbank.net,Male,150.36.108.117,56-(818)698-7151
292,Peter,Kelly,pkelly83@nationalgeographic.com,Male,35.53.206.85,62-(242)345-9705
293,Donald,Reyes,dreyes84@php.net,Male,227.173.12.36,374-(693)157-8804
294,Terry,Chavez,tchavez85@mozilla.com,Male,245.8.196.131,507-(808)448-0756
295,Matthew,Henry,mhenry86@diigo.com,Male,192.26.8.9,51-(879)383-6009
296,Maria,Greene,mgreene87@deliciousdays.com,Female,184.226.116.203,86-(922)332-8656
297,Anne,Holmes,aholmes88@ning.com,Female,159.253.75.18,55-(107)317-4729
298,Shirley,Alexander,salexander89@netlog.com,Female,242.216.213.101,234-(540)601-0676
299,Keith,Fox,kfox8a@yahoo.co.jp,Male,26.117.50.179,55-(386)587-0935
300,Antonio,King,aking8b@mac.com,Male,27.52.25.167,52-(105)568-7858
301,Linda,Knight,lknight8c@theatlantic.com,Female,14.87.63.171,31-(232)242-3391
302,Deborah,Lawrence,dlawrence8d@simplemachines.org,Female,203.196.195.223,46-(982)664-1605
303,Craig,Gonzales,cgonzales8e@time.com,Male,112.93.119.72,62-(526)447-2368
304,Wayne,Mccoy,wmccoy8f@walmart.com,Male,92.66.135.232,967-(573)708-0315
305,Billy,Diaz,bdiaz8g@addtoany.com,Male,182.26.12.203,66-(576)468-5716
306,Sandra,Fernandez,sfernandez8h@instagram.com,Female,15.147.26.66,55-(559)917-6286
307,Stephen,Anderson,sanderson8i@quantcast.com,Male,149.134.198.49,56-(804)189-7808
308,Sarah,Ramos,sramos8j@amazon.com,Female,101.114.255.91,593-(938)712-4200
309,Andrea,Warren,awarren8k@freewebs.com,Female,230.75.66.41,234-(649)698-0013
310,Charles,Bennett,cbennett8l@illinois.edu,Male,122.232.175.164,63-(234)672-6995
311,Eugene,Gray,egray8m@mlb.com,Male,139.196.120.189,351-(705)515-2422
312,Mary,Wagner,mwagner8n@over-blog.com,Female,237.69.220.217,54-(889)486-9045
313,Anne,Ferguson,aferguson8o@disqus.com,Female,80.90.90.42,86-(141)207-5431
314,Mary,Meyer,mmeyer8p@adobe.com,Female,92.246.208.14,994-(558)223-7566
315,Joyce,Palmer,jpalmer8q@github.com,Female,235.121.177.221,66-(339)865-8706
316,Christine,Phillips,cphillips8r@shareasale.com,Female,167.6.157.187,86-(428)453-3895
317,Norma,Rivera,nrivera8s@wisc.edu,Female,165.55.159.123,420-(912)980-3005
318,Christine,Jordan,cjordan8t@phpbb.com,Female,5.56.36.51,48-(784)163-6732
319,Virginia,Chavez,vchavez8u@cloudflare.com,Female,172.219.244.228,234-(645)587-8885
320,Andrea,Carr,acarr8v@scientificamerican.com,Female,80.244.168.133,51-(396)648-9932
321,Harry,Martin,hmartin8w@google.it,Male,151.180.62.231,54-(516)437-1668
322,Paul,Hughes,phughes8x@meetup.com,Male,118.97.173.50,63-(466)394-2063
323,Julie,Snyder,jsnyder8y@fotki.com,Female,6.232.196.51,86-(112)603-6936
324,Lori,Walker,lwalker8z@indiegogo.com,Female,197.145.32.206,7-(390)942-8314
325,Joan,Thompson,jthompson90@comsenz.com,Female,176.90.18.56,63-(538)828-4288
326,Betty,Duncan,bduncan91@altervista.org,Female,156.17.167.170,56-(641)150-3839
327,Karen,Bailey,kbailey92@answers.com,Female,208.182.56.59,374-(669)318-4626
328,Angela,Shaw,ashaw93@nsw.gov.au,Female,48.137.46.198,1-(615)562-0456
329,Lori,Allen,lallen94@pen.io,Female,176.34.97.41,62-(566)755-0015
330,Elizabeth,Hunt,ehunt95@theguardian.com,Female,17.128.120.111,86-(369)286-5043
331,Earl,Bradley,ebradley96@craigslist.org,Male,176.146.236.100,387-(368)668-6587
332,Paul,Little,plittle97@ovh.net,Male,80.9.44.109,86-(784)782-7274
333,Douglas,Sanchez,dsanchez98@godaddy.com,Male,136.35.54.20,55-(426)200-3265
334,Pamela,Arnold,parnold99@biglobe.ne.jp,Female,42.215.16.103,252-(598)233-6939
335,Roger,Cole,rcole9a@hatena.ne.jp,Male,135.111.184.174,234-(466)115-7686
336,Alice,Harper,aharper9b@yale.edu,Female,38.145.74.86,62-(249)902-3987
337,Evelyn,Hill,ehill9c@slate.com,Female,10.47.47.49,86-(185)964-6214
338,Randy,Ruiz,rruiz9d@moonfruit.com,Male,150.117.183.19,351-(578)618-7243
339,Linda,Duncan,lduncan9e@nsw.gov.au,Female,99.64.8.29,63-(553)460-0123
340,Christopher,Mitchell,cmitchell9f@arizona.edu,Male,158.198.56.101,62-(602)562-4812
341,Martin,Burton,mburton9g@privacy.gov.au,Male,187.72.166.174,62-(888)990-3409
342,Martha,Edwards,medwards9h@360.cn,Female,243.72.46.167,86-(230)556-7500
343,Lillian,Taylor,ltaylor9i@ning.com,Female,113.116.31.204,86-(150)653-7322
344,Wayne,Romero,wromero9j@mysql.com,Male,43.45.62.93,86-(417)278-4366
345,Kevin,Montgomery,kmontgomery9k@miibeian.gov.cn,Male,127.50.151.34,351-(373)813-0294
346,Samuel,Roberts,sroberts9l@wsj.com,Male,230.113.112.199,62-(761)912-6223
347,Joyce,Reid,jreid9m@huffingtonpost.com,Female,5.137.208.219,62-(411)385-8157
348,Richard,Burton,rburton9n@weibo.com,Male,192.0.166.8,62-(996)637-3386
349,Emily,Gibson,egibson9o@scribd.com,Female,11.26.165.204,46-(588)402-3333
350,Christine,Stevens,cstevens9p@weibo.com,Female,200.115.185.130,504-(227)775-2153
351,Cheryl,Edwards,cedwards9q@163.com,Female,44.219.89.176,62-(823)780-2001
352,Frances,Howell,fhowell9r@google.es,Female,249.241.5.56,380-(742)852-7328
353,Fred,Sullivan,fsullivan9s@t.co,Male,238.217.32.67,7-(966)704-9777
354,Brandon,Green,bgreen9t@arstechnica.com,Male,55.12.226.220,46-(725)198-3563
355,Cheryl,Wright,cwright9u@who.int,Female,42.9.57.183,234-(929)947-0718
356,Alice,Scott,ascott9v@webeden.co.uk,Female,106.51.203.65,86-(218)135-8575
357,Joseph,Morris,jmorris9w@cam.ac.uk,Male,27.95.132.101,967-(179)711-1957
358,Helen,Chapman,hchapman9x@wix.com,Female,159.206.63.115,55-(772)105-9135
359,Kathy,Fuller,kfuller9y@tripod.com,Female,39.222.195.166,33-(838)937-4024
360,Dorothy,Sanders,dsanders9z@biglobe.ne.jp,Female,58.10.212.245,48-(851)985-9351
361,Sharon,Reyes,sreyesa0@marriott.com,Female,158.196.63.20,7-(600)649-0553
362,Benjamin,Wells,bwellsa1@parallels.com,Male,86.145.180.194,84-(801)135-7132
363,Jeffrey,Phillips,jphillipsa2@imdb.com,Male,172.253.137.40,685-(788)681-4414
364,Richard,Perry,rperrya3@economist.com,Male,11.72.129.247,62-(203)247-1854
365,Alan,Hart,aharta4@hubpages.com,Male,19.236.128.62,86-(888)159-9000
366,Jeremy,Nelson,jnelsona5@salon.com,Male,74.47.160.25,86-(230)893-7694
367,Jessica,Nichols,jnicholsa6@bizjournals.com,Female,69.45.127.128,261-(163)482-2059
368,Angela,Williams,awilliamsa7@wikimedia.org,Female,80.193.69.232,86-(262)957-4844
369,Kathleen,Davis,kdavisa8@gizmodo.com,Female,109.84.211.60,63-(491)109-4761
370,Helen,Porter,hportera9@slideshare.net,Female,117.32.18.12,63-(450)109-4841
371,Karen,Porter,kporteraa@histats.com,Female,66.209.8.238,98-(408)367-3631
372,Frances,Flores,ffloresab@indiegogo.com,Female,43.51.220.26,236-(100)717-4699
373,Jimmy,Garrett,jgarrettac@cam.ac.uk,Male,139.112.156.19,46-(589)393-3205
374,Judy,Wells,jwellsad@mit.edu,Female,92.241.51.43,237-(436)863-3692
375,Roy,Rose,rroseae@salon.com,Male,64.142.217.227,86-(623)913-4332
376,Maria,Perez,mperezaf@loc.gov,Female,88.132.190.118,373-(552)961-6884
377,Anthony,Howard,ahowardag@si.edu,Male,76.106.64.38,351-(771)820-3885
378,Anthony,George,ageorgeah@chron.com,Male,213.180.23.228,66-(607)618-3234
379,Nicholas,Reid,nreidai@examiner.com,Male,125.8.59.46,20-(223)933-5362
380,Tina,Cunningham,tcunninghamaj@list-manage.com,Female,117.217.79.107,358-(205)998-0360
381,Joyce,Meyer,jmeyerak@imageshack.us,Female,199.188.140.121,86-(287)374-8114
382,Diane,Gardner,dgardneral@taobao.com,Female,112.6.245.29,359-(766)112-3205
383,Eric,Clark,eclarkam@cnn.com,Male,114.211.145.150,46-(759)423-9419
384,Robin,Williams,rwilliamsan@independent.co.uk,Female,14.119.167.106,62-(787)895-0722
385,Michael,Ellis,mellisao@privacy.gov.au,Male,104.29.101.13,251-(288)605-0620
386,Ryan,Griffin,rgriffinap@sogou.com,Male,127.174.34.128,7-(411)107-3539
387,Gregory,Burke,gburkeaq@unblog.fr,Male,96.128.71.231,57-(837)866-6503
388,Laura,Boyd,lboydar@unblog.fr,Female,39.37.209.38,691-(777)633-5001
389,Matthew,Ortiz,mortizas@seattletimes.com,Male,240.141.5.175,420-(964)596-1491
390,Karen,Holmes,kholmesat@constantcontact.com,Female,191.9.101.115,86-(219)807-2342
391,Nicole,Russell,nrussellau@indiegogo.com,Female,245.41.112.152,359-(796)994-8014
392,Timothy,Snyder,tsnyderav@cnet.com,Male,224.165.21.94,62-(424)763-8334
393,Arthur,Barnes,abarnesaw@latimes.com,Male,197.124.37.22,86-(154)927-3308
394,Tina,Garrett,tgarrettax@xrea.com,Female,199.254.45.212,994-(906)402-5019
395,Eric,Gonzales,egonzalesay@wp.com,Male,93.253.97.251,86-(737)155-2711
396,Jane,Gomez,jgomezaz@histats.com,Female,113.20.102.18,46-(247)225-9083
397,Thomas,Ryan,tryanb0@blinklist.com,Male,233.112.127.63,86-(733)379-0297
398,Louise,Chapman,lchapmanb1@ox.ac.uk,Female,200.146.64.43,51-(957)981-9914
399,Carl,Knight,cknightb2@noaa.gov,Male,73.168.212.67,62-(815)918-9733
400,Judy,Burke,jburkeb3@canalblog.com,Female,77.162.91.211,62-(361)163-1108
401,Bonnie,Stone,bstoneb4@deliciousdays.com,Female,70.162.136.158,55-(807)306-0208
402,Robin,Watson,rwatsonb5@storify.com,Female,110.46.199.74,86-(403)162-1790
403,Jerry,Cook,jcookb6@netscape.com,Male,35.26.189.254,1-(336)291-1498
404,Jennifer,Riley,jrileyb7@walmart.com,Female,250.22.40.101,86-(684)251-7610
405,Rachel,Chapman,rchapmanb8@vinaora.com,Female,30.74.44.134,216-(634)744-4614
406,Robin,Martinez,rmartinezb9@businessinsider.com,Female,138.116.100.68,52-(355)123-2344
407,Irene,Graham,igrahamba@chicagotribune.com,Female,178.224.195.105,298-(694)127-3495
408,Pamela,Snyder,psnyderbb@dmoz.org,Female,138.179.60.251,86-(544)489-4345
409,Ruth,Kim,rkimbc@gmpg.org,Female,216.72.100.161,377-(257)656-2410
410,Jason,Morrison,jmorrisonbd@netlog.com,Male,127.126.234.241,355-(938)545-0203
411,Shirley,Ray,sraybe@soundcloud.com,Female,223.129.185.169,33-(349)713-5280
412,Doris,Cunningham,dcunninghambf@ed.gov,Female,108.23.39.81,232-(267)543-0293
413,Craig,Alexander,calexanderbg@auda.org.au,Male,228.106.87.11,86-(666)885-4685
414,Frank,Ray,fraybh@usgs.gov,Male,199.171.117.248,63-(726)716-4840
415,Jerry,Robertson,jrobertsonbi@state.gov,Male,132.159.25.38,86-(649)929-8440
416,Bonnie,Harper,bharperbj@bizjournals.com,Female,240.15.162.90,267-(546)365-4803
417,Anna,Fox,afoxbk@washingtonpost.com,Female,227.149.230.86,420-(405)835-7167
418,Anthony,West,awestbl@drupal.org,Male,46.88.66.227,62-(771)347-7260
419,Tammy,Anderson,tandersonbm@amazon.de,Female,156.199.125.237,86-(614)704-6203
420,Nancy,Wright,nwrightbn@yahoo.co.jp,Female,29.161.111.96,380-(316)315-4020
421,Earl,Nguyen,enguyenbo@hexun.com,Male,244.168.105.71,46-(244)730-8390
422,Sean,Carr,scarrbp@alexa.com,Male,173.223.98.102,55-(789)534-4001
423,Amanda,Spencer,aspencerbq@jigsy.com,Female,60.3.123.223,63-(900)591-7609
424,Shawn,Austin,saustinbr@about.com,Male,185.173.32.239,976-(142)689-9391
425,Sharon,Chapman,schapmanbs@shutterfly.com,Female,194.63.30.105,351-(769)459-8187
426,Steve,Kim,skimbt@nationalgeographic.com,Male,223.39.242.177,86-(666)905-7755
427,Lois,Moore,lmoorebu@edublogs.org,Female,76.33.115.146,86-(539)725-1306
428,Nicole,Thompson,nthompsonbv@mysql.com,Female,149.7.209.5,376-(167)817-7453
429,Anne,Wilson,awilsonbw@time.com,Female,5.25.236.202,86-(801)606-2111
430,Edward,Freeman,efreemanbx@livejournal.com,Male,60.190.172.15,86-(930)941-6943
431,Louis,Franklin,lfranklinby@skype.com,Male,203.199.95.230,62-(399)265-9852
432,Laura,Henderson,lhendersonbz@whitehouse.gov,Female,238.173.182.88,591-(927)745-0806
433,Henry,White,hwhitec0@boston.com,Male,129.158.113.173,62-(808)494-9872
434,Cheryl,Murray,cmurrayc1@flickr.com,Female,130.80.219.127,33-(171)581-7654
435,Joe,Holmes,jholmesc2@wiley.com,Male,242.73.249.2,222-(119)466-3928
436,Mildred,Berry,mberryc3@indiegogo.com,Female,16.47.223.65,86-(756)172-3568
437,Benjamin,Rose,brosec4@si.edu,Male,20.11.41.41,385-(160)993-0621
438,Laura,Henry,lhenryc5@vinaora.com,Female,48.196.86.211,54-(616)485-5955
439,Walter,Carroll,wcarrollc6@abc.net.au,Male,223.7.146.215,993-(219)589-9969
440,Samuel,Jones,sjonesc7@stanford.edu,Male,114.8.64.35,86-(266)191-8677
441,Donna,Stanley,dstanleyc8@state.tx.us,Female,106.46.221.248,63-(158)533-9848
442,Eric,Morales,emoralesc9@prnewswire.com,Male,118.155.222.143,30-(911)463-9991
443,Todd,Porter,tporterca@friendfeed.com,Male,199.187.169.198,7-(947)336-9218
444,Kenneth,Coleman,kcolemancb@indiegogo.com,Male,57.137.145.157,1-(734)730-8527
445,Gloria,Kim,gkimcc@jalbum.net,Female,230.26.192.18,57-(330)975-3370
446,Mark,Scott,mscottcd@qq.com,Male,108.50.212.186,63-(580)362-9704
447,Johnny,Clark,jclarkce@dailymail.co.uk,Male,86.220.229.31,351-(322)562-0549
448,Angela,Tucker,atuckercf@printfriendly.com,Female,192.178.170.87,86-(889)994-0703
449,Katherine,Garrett,kgarrettcg@acquirethisname.com,Female,63.192.21.174,62-(321)759-7949
450,Jean,Williams,jwilliamsch@mac.com,Female,52.64.14.172,505-(673)268-6389
451,Jonathan,Garcia,jgarciaci@toplist.cz,Male,176.170.98.106,86-(752)840-6808
452,Doris,Torres,dtorrescj@dell.com,Female,152.166.58.135,52-(746)984-2071
453,Mildred,Gilbert,mgilbertck@census.gov,Female,30.13.167.127,62-(218)858-6146
454,Wanda,Morgan,wmorgancl@ebay.com,Female,60.155.215.228,62-(429)132-1720
455,Ruth,Kelly,rkellycm@ezinearticles.com,Female,58.175.3.35,86-(706)323-8301
456,Anne,Fowler,afowlercn@marketwatch.com,Female,36.175.8.98,964-(372)643-9946
457,Theresa,Frazier,tfrazierco@blog.com,Female,226.138.5.128,86-(998)367-2566
458,Cynthia,Fisher,cfishercp@blogger.com,Female,8.8.246.252,86-(437)179-1301
459,Eric,Kim,ekimcq@paginegialle.it,Male,63.4.129.249,255-(877)612-0006
460,Jeffrey,Stanley,jstanleycr@live.com,Male,180.117.100.12,27-(285)910-1078
461,Michael,Russell,mrussellcs@sciencedirect.com,Male,156.48.51.51,27-(613)706-1564
462,Emily,Duncan,eduncanct@va.gov,Female,250.206.224.38,62-(548)713-2162
463,Barbara,Jacobs,bjacobscu@about.com,Female,110.163.31.155,385-(895)549-0047
464,Gloria,Alvarez,galvarezcv@ox.ac.uk,Female,145.190.5.206,57-(838)122-0099
465,Kathleen,Mills,kmillscw@google.com,Female,105.127.240.239,353-(706)634-2472
466,Emily,Myers,emyerscx@imgur.com,Female,203.110.210.35,93-(501)653-4144
467,Benjamin,Palmer,bpalmercy@is.gd,Male,221.138.209.36,234-(480)835-0155
468,Shawn,Mills,smillscz@cnn.com,Male,70.50.184.186,234-(855)148-6527
469,Marie,Chapman,mchapmand0@google.com.hk,Female,15.161.199.227,86-(523)218-8240
470,Christopher,Alvarez,calvarezd1@ow.ly,Male,217.129.32.138,30-(243)365-1754
471,Joyce,Rogers,jrogersd2@sina.com.cn,Female,145.64.174.232,381-(577)702-5630
472,Kathryn,Thomas,kthomasd3@harvard.edu,Female,2.96.61.132,48-(203)134-3862
473,Ryan,Gardner,rgardnerd4@bbb.org,Male,47.175.177.204,351-(336)705-2491
474,Joyce,Hughes,jhughesd5@tiny.cc,Female,127.6.48.158,7-(627)292-4809
475,Judy,Burton,jburtond6@youtu.be,Female,79.85.221.112,380-(890)615-2895
476,Ashley,Perkins,aperkinsd7@sphinn.com,Female,222.196.39.101,420-(502)870-4647
477,Joyce,Gardner,jgardnerd8@paypal.com,Female,89.107.88.201,374-(913)114-0282
478,Ann,Simpson,asimpsond9@sitemeter.com,Female,204.83.58.9,255-(889)149-1940
479,Steven,Arnold,sarnoldda@ameblo.jp,Male,88.221.239.114,351-(961)197-2989
480,Donald,Wagner,dwagnerdb@alexa.com,Male,109.181.136.0,855-(512)592-4079
481,Brian,Porter,bporterdc@multiply.com,Male,23.121.45.13,46-(833)813-6591
482,Alice,White,awhitedd@opensource.org,Female,213.51.7.92,82-(719)278-7515
483,Anthony,Matthews,amatthewsde@themeforest.net,Male,87.132.16.254,380-(499)932-5108
484,Julia,Dixon,jdixondf@moonfruit.com,Female,77.86.209.22,48-(563)596-6460
485,Pamela,Howell,phowelldg@goo.gl,Female,203.189.211.247,48-(700)438-8578
486,Linda,Berry,lberrydh@npr.org,Female,124.129.192.79,62-(599)783-7186
487,Anna,Burton,aburtondi@jimdo.com,Female,49.229.31.237,7-(262)913-8750
488,Sharon,Ramos,sramosdj@berkeley.edu,Female,96.239.21.245,93-(568)427-0461
489,Lillian,Bowman,lbowmandk@smh.com.au,Female,255.188.250.197,51-(962)192-8805
490,Marilyn,Fisher,mfisherdl@deviantart.com,Female,88.89.236.248,62-(757)489-9122
491,Judith,Woods,jwoodsdm@oaic.gov.au,Female,63.112.12.236,1-(808)668-0853
492,Shawn,Ellis,sellisdn@geocities.com,Male,157.20.206.122,63-(106)402-7493
493,Douglas,Woods,dwoodsdo@ihg.com,Male,209.211.121.248,86-(698)844-0833
494,Ashley,Gardner,agardnerdp@technorati.com,Female,235.113.106.248,7-(410)609-4738
495,Mary,Greene,mgreenedq@imgur.com,Female,134.57.209.4,86-(469)426-1563
496,Teresa,Greene,tgreenedr@accuweather.com,Female,36.250.0.136,261-(874)148-4329
497,Larry,Evans,levansds@timesonline.co.uk,Male,50.168.104.192,48-(849)471-7968
498,Doris,Robinson,drobinsondt@wordpress.org,Female,252.150.123.86,255-(165)301-0479
499,Beverly,Murray,bmurraydu@bravesites.com,Female,44.224.129.107,86-(124)560-2469
500,Phyllis,Fisher,pfisherdv@un.org,Female,195.187.152.250,351-(216)934-6476
501,Jane,Payne,jpaynedw@eepurl.com,Female,104.112.185.8,86-(642)291-0071
502,Pamela,Murray,pmurraydx@go.com,Female,93.195.137.172,234-(133)737-1378
503,Ashley,Morales,amoralesdy@360.cn,Female,247.5.84.71,33-(436)508-1072
504,Jane,Rice,jricedz@xing.com,Female,226.226.109.243,1-(846)577-2315
505,Theresa,Wells,twellse0@amazon.co.uk,Female,218.237.172.13,33-(888)776-4812
506,Carol,Carpenter,ccarpentere1@t-online.de,Female,184.41.49.79,62-(515)457-8344
507,Benjamin,Collins,bcollinse2@bravesites.com,Male,225.226.226.208,504-(341)687-0210
508,Randy,Murray,rmurraye3@msu.edu,Male,36.186.13.223,81-(122)250-5083
509,Ann,Jackson,ajacksone4@indiegogo.com,Female,108.220.62.83,7-(275)779-7313
510,Sean,Reid,sreide5@home.pl,Male,118.216.92.232,55-(490)760-5840
511,Ernest,Coleman,ecolemane6@stanford.edu,Male,133.65.159.48,967-(853)204-9704
512,Ashley,Hunter,ahuntere7@dailymotion.com,Female,255.51.223.164,86-(464)929-3104
513,Alice,Myers,amyerse8@ebay.com,Female,28.206.156.22,86-(638)479-9810
514,Susan,Montgomery,smontgomerye9@wikia.com,Female,215.88.254.95,86-(272)827-4877
515,Kathryn,Perkins,kperkinsea@elegantthemes.com,Female,30.27.123.90,358-(785)383-8319
516,Kenneth,Carr,kcarreb@forbes.com,Male,208.80.179.76,49-(243)593-4885
517,Jonathan,Perez,jperezec@infoseek.co.jp,Male,207.113.91.139,249-(654)957-5078
518,Wayne,Burton,wburtoned@printfriendly.com,Male,207.14.52.38,7-(880)769-8682
519,Nicole,Watson,nwatsonee@wisc.edu,Female,230.233.147.65,351-(879)258-1755
520,Barbara,Alexander,balexanderef@woothemes.com,Female,68.81.145.67,81-(914)507-3954
521,Melissa,Cooper,mcoopereg@creativecommons.org,Female,216.144.38.58,256-(808)739-1403
522,Richard,Woods,rwoodseh@canalblog.com,Male,201.12.151.136,81-(204)729-1541
523,Denise,Bell,dbellei@nsw.gov.au,Female,209.60.189.180,7-(431)747-3319
524,Benjamin,Butler,bbutlerej@google.co.jp,Male,254.99.172.159,52-(539)906-4559
525,Sean,Thompson,sthompsonek@list-manage.com,Male,254.125.210.37,46-(301)888-7721
526,Heather,Sullivan,hsullivanel@yelp.com,Female,151.149.232.5,86-(449)420-7051
527,Katherine,Crawford,kcrawfordem@goo.gl,Female,131.134.43.94,86-(463)937-0188
528,Anne,Ford,aforden@statcounter.com,Female,198.120.41.7,358-(658)276-1935
529,Howard,Richards,hrichardseo@tripod.com,Male,1.28.82.13,7-(759)513-7703
530,Philip,Long,plongep@deliciousdays.com,Male,229.6.60.173,51-(921)292-0010
531,Rachel,Parker,rparkereq@1688.com,Female,134.219.118.39,86-(415)262-6336
532,Jason,Hunt,jhunter@xinhuanet.com,Male,15.250.45.162,48-(791)527-4019
533,Thomas,Washington,twashingtones@last.fm,Male,18.23.60.245,355-(360)918-6010
534,Irene,King,ikinget@newyorker.com,Female,247.121.185.97,63-(615)776-2923
535,Christina,Stevens,cstevenseu@usa.gov,Female,182.135.116.11,66-(595)355-6509
536,Ashley,Wells,awellsev@naver.com,Female,150.234.170.91,7-(218)731-0431
537,Marie,Adams,madamsew@yelp.com,Female,34.20.141.114,62-(270)327-9960
538,Jesse,Dean,jdeanex@sina.com.cn,Male,126.153.34.8,86-(279)658-3872
539,Ann,Phillips,aphillipsey@apache.org,Female,192.142.165.171,260-(239)230-0010
540,Paul,Jacobs,pjacobsez@home.pl,Male,95.108.38.185,385-(597)701-8876
541,Paula,Williams,pwilliamsf0@networksolutions.com,Female,44.52.45.31,86-(392)173-5466
542,Donna,Richards,drichardsf1@si.edu,Female,94.194.103.254,970-(997)254-3203
543,Margaret,Ruiz,mruizf2@aboutads.info,Female,160.123.231.251,66-(584)146-0948
544,Judy,Bailey,jbaileyf3@godaddy.com,Female,53.149.222.166,81-(282)209-6408
545,Scott,Walker,swalkerf4@earthlink.net,Male,58.231.96.101,216-(331)657-4403
546,Amanda,Webb,awebbf5@jalbum.net,Female,190.163.137.135,370-(547)603-9095
547,Sharon,Carpenter,scarpenterf6@irs.gov,Female,186.83.53.58,63-(251)303-3498
548,Kevin,Dean,kdeanf7@google.es,Male,255.141.91.7,63-(141)740-0203
549,Sharon,Baker,sbakerf8@facebook.com,Female,135.133.151.19,86-(203)690-4260
550,Harry,Harvey,hharveyf9@wp.com,Male,180.198.68.175,84-(608)495-2713
551,Terry,Price,tpricefa@discuz.net,Male,179.169.78.118,66-(307)295-7641
552,Jack,Thomas,jthomasfb@chicagotribune.com,Male,185.107.143.1,62-(886)575-6142
553,Ryan,Kelley,rkelleyfc@fastcompany.com,Male,206.5.155.224,33-(194)625-3202
554,Richard,Myers,rmyersfd@engadget.com,Male,30.11.226.194,55-(438)533-0335
555,Martha,King,mkingfe@stumbleupon.com,Female,82.224.27.231,1-(183)544-7897
556,Patricia,Lewis,plewisff@scribd.com,Female,119.183.253.179,62-(589)721-6324
557,Julie,Johnston,jjohnstonfg@netscape.com,Female,211.124.152.117,86-(378)282-9358
558,Irene,Dean,ideanfh@economist.com,Female,1.60.150.70,55-(483)920-2686
559,Thomas,Henderson,thendersonfi@youku.com,Male,195.67.20.99,228-(468)420-8077
560,Christopher,Cox,ccoxfj@tinyurl.com,Male,227.64.110.7,63-(966)598-1663
561,Lillian,Lewis,llewisfk@fc2.com,Female,203.144.182.5,55-(366)643-8005
562,Jerry,Carter,jcarterfl@geocities.com,Male,41.78.7.240,86-(341)841-3219
563,Walter,Dean,wdeanfm@gov.uk,Male,207.124.165.34,98-(336)401-2170
564,Kevin,Myers,kmyersfn@jimdo.com,Male,226.226.24.41,1-(716)848-7860
565,Marilyn,Scott,mscottfo@xinhuanet.com,Female,68.85.219.100,30-(950)133-1998
566,Victor,Robinson,vrobinsonfp@go.com,Male,3.119.41.191,62-(864)876-1699
567,Bobby,Diaz,bdiazfq@virginia.edu,Male,133.7.158.120,39-(414)883-5278
568,Charles,Palmer,cpalmerfr@amazon.co.jp,Male,51.232.181.183,81-(432)163-4023
569,Michelle,Miller,mmillerfs@mysql.com,Female,108.15.184.215,86-(794)794-7336
570,Joyce,Richards,jrichardsft@businessinsider.com,Female,147.77.27.24,1-(856)231-7010
571,Craig,Gardner,cgardnerfu@chronoengine.com,Male,51.142.208.118,1-(850)917-4439
572,Ruth,Snyder,rsnyderfv@sakura.ne.jp,Female,65.218.160.177,62-(334)338-4989
573,Chris,Hunter,chunterfw@tuttocitta.it,Male,167.189.109.181,46-(664)277-3252
574,Jason,Freeman,jfreemanfx@wisc.edu,Male,137.190.75.10,86-(771)309-0689
575,Terry,Chavez,tchavezfy@bloomberg.com,Male,112.194.189.143,62-(470)200-7557
576,Howard,Mitchell,hmitchellfz@cmu.edu,Male,21.161.21.131,381-(588)926-6845
577,Emily,Myers,emyersg0@indiegogo.com,Female,111.27.21.75,692-(714)188-8262
578,Brandon,Andrews,bandrewsg1@bloomberg.com,Male,40.45.23.149,55-(564)333-4824
579,Kenneth,Chapman,kchapmang2@163.com,Male,71.35.243.52,7-(786)529-9052
580,Sarah,Rodriguez,srodriguezg3@a8.net,Female,56.83.226.140,1-(757)484-8614
581,Jack,Perry,jperryg4@sitemeter.com,Male,10.223.64.114,353-(292)336-6312
582,Samuel,King,skingg5@sina.com.cn,Male,245.106.40.184,63-(520)493-0800
583,Todd,Mason,tmasong6@myspace.com,Male,144.31.28.190,86-(606)412-1808
584,Louis,Martin,lmarting7@tripod.com,Male,144.170.131.159,359-(718)287-6083
585,Sandra,Diaz,sdiazg8@latimes.com,Female,222.115.238.14,86-(675)305-7823
586,Wayne,Knight,wknightg9@prlog.org,Male,238.33.220.243,47-(478)189-2318
587,Jerry,Freeman,jfreemanga@cnet.com,Male,111.11.83.112,993-(188)627-2425
588,Stephen,Dixon,sdixongb@ucla.edu,Male,6.29.253.3,46-(255)863-3934
589,Russell,Ward,rwardgc@accuweather.com,Male,252.224.222.132,506-(981)540-7017
590,Ann,Russell,arussellgd@nasa.gov,Female,235.121.187.192,86-(384)527-8511
591,Kenneth,Alexander,kalexanderge@networkadvertising.org,Male,66.125.59.87,62-(561)352-4116
592,Richard,Roberts,rrobertsgf@google.com.hk,Male,53.173.246.107,595-(946)890-0071
593,Terry,Lopez,tlopezgg@mapquest.com,Male,26.108.135.243,351-(162)461-2481
594,Diane,Harper,dharpergh@hud.gov,Female,24.42.199.228,263-(870)948-8840
595,Carol,Hanson,chansongi@phoca.cz,Female,62.209.204.81,1-(951)749-9114
596,Emily,Armstrong,earmstronggj@nature.com,Female,164.68.153.250,420-(783)422-3983
597,Ralph,Davis,rdavisgk@zimbio.com,Male,218.199.130.218,86-(733)231-7023
598,Michelle,Johnson,mjohnsongl@npr.org,Female,57.143.63.66,84-(567)552-7103
599,Richard,Ruiz,rruizgm@mail.ru,Male,236.117.194.77,62-(436)657-2285
600,Brandon,Morgan,bmorgangn@google.it,Male,48.199.128.27,7-(133)676-2727
601,Ernest,Campbell,ecampbellgo@huffingtonpost.com,Male,86.35.122.167,86-(588)724-2985
602,Tammy,Howell,thowellgp@blogspot.com,Female,60.194.52.106,58-(576)196-6342
603,Benjamin,Young,byounggq@wisc.edu,Male,204.188.215.104,27-(725)553-0894
604,Frank,Wells,fwellsgr@google.nl,Male,237.47.95.141,86-(432)508-4088
605,Martin,Ross,mrossgs@umich.edu,Male,117.132.85.139,46-(146)305-1393
606,David,Gonzalez,dgonzalezgt@cargocollective.com,Male,141.168.212.203,86-(232)148-3231
607,Angela,Ramos,aramosgu@auda.org.au,Female,85.136.254.188,48-(114)648-5948
608,Eric,Berry,eberrygv@samsung.com,Male,52.134.152.121,86-(160)353-1932
609,Juan,Gilbert,jgilbertgw@weebly.com,Male,171.192.119.14,51-(673)330-6188
610,Patricia,Daniels,pdanielsgx@vkontakte.ru,Female,168.11.224.21,62-(885)819-3940
611,Todd,Hunter,thuntergy@forbes.com,Male,214.248.147.168,62-(368)433-7488
612,Bonnie,Walker,bwalkergz@baidu.com,Female,204.33.31.90,48-(217)164-0735
613,Matthew,Richardson,mrichardsonh0@smugmug.com,Male,219.212.115.195,48-(961)685-6339
614,Chris,Watkins,cwatkinsh1@reference.com,Male,224.24.15.17,509-(872)775-8097
615,Carolyn,Hart,charth2@umn.edu,Female,202.18.5.213,86-(605)341-4890
616,Rachel,Duncan,rduncanh3@redcross.org,Female,198.58.198.241,84-(333)118-9313
617,Matthew,Bradley,mbradleyh4@icio.us,Male,58.194.163.203,33-(604)963-3469
618,Theresa,Torres,ttorresh5@reuters.com,Female,135.52.240.187,967-(854)756-9291
619,Marie,Hunter,mhunterh6@cnet.com,Female,189.119.60.93,358-(593)832-0751
620,Ryan,Adams,radamsh7@tinyurl.com,Male,29.125.43.60,387-(403)534-3843
621,Cynthia,Allen,callenh8@dedecms.com,Female,128.160.198.233,63-(509)576-6069
622,Kimberly,Burton,kburtonh9@independent.co.uk,Female,233.88.187.82,86-(414)610-5989
623,Pamela,Reyes,preyesha@opera.com,Female,186.68.83.178,51-(756)111-2509
624,Antonio,Weaver,aweaverhb@accuweather.com,Male,117.122.70.95,86-(270)665-3638
625,Rachel,Meyer,rmeyerhc@columbia.edu,Female,15.189.11.233,238-(677)151-8809
626,Mary,Reyes,mreyeshd@cbc.ca,Female,151.144.255.230,30-(432)200-3473
627,Ruth,Peters,rpetershe@sina.com.cn,Female,66.19.125.31,30-(153)480-1027
628,Howard,Hawkins,hhawkinshf@jiathis.com,Male,134.216.13.188,7-(185)918-9256
629,Janice,Chavez,jchavezhg@devhub.com,Female,89.180.128.82,386-(241)638-3335
630,Clarence,Myers,cmyershh@ifeng.com,Male,254.231.61.143,51-(538)640-7203
631,Carl,Boyd,cboydhi@canalblog.com,Male,79.248.187.130,7-(441)838-0203
632,Melissa,Davis,mdavishj@mapy.cz,Female,75.176.86.38,62-(775)383-3449
633,Rebecca,Evans,revanshk@nsw.gov.au,Female,229.40.229.206,31-(211)525-1922
634,Melissa,Hansen,mhansenhl@nbcnews.com,Female,131.165.196.162,62-(620)709-1134
635,Matthew,Carroll,mcarrollhm@storify.com,Male,59.183.83.213,46-(114)106-3579
636,Keith,Gray,kgrayhn@mapquest.com,Male,32.157.8.192,86-(622)456-6224
637,Jonathan,Richardson,jrichardsonho@salon.com,Male,28.229.113.231,86-(646)712-1492
638,Scott,Bowman,sbowmanhp@multiply.com,Male,178.25.73.16,505-(465)752-2751
639,Brian,Stevens,bstevenshq@cdbaby.com,Male,186.153.41.56,54-(950)187-6948
640,Jesse,Stanley,jstanleyhr@weebly.com,Male,29.105.191.227,216-(630)412-3946
641,Frank,Murphy,fmurphyhs@noaa.gov,Male,254.33.86.202,1-(979)573-4792
642,Jacqueline,Henderson,jhendersonht@dailymail.co.uk,Female,114.59.121.36,86-(359)824-8617
643,Douglas,Richards,drichardshu@biglobe.ne.jp,Male,238.170.236.24,1-(609)868-4531
644,Christina,Carr,ccarrhv@paypal.com,Female,82.223.114.46,46-(701)703-8096
645,Jason,Lewis,jlewishw@ocn.ne.jp,Male,205.138.25.36,86-(568)943-0121
646,Maria,Lane,mlanehx@phoca.cz,Female,38.226.21.195,7-(894)278-4466
647,Eugene,Young,eyounghy@fotki.com,Male,153.164.28.179,63-(191)732-4373
648,Lawrence,Torres,ltorreshz@cisco.com,Male,164.100.245.227,234-(513)408-5977
649,Beverly,Boyd,bboydi0@utexas.edu,Female,113.151.80.226,82-(287)951-8937
650,Amanda,Flores,afloresi1@sciencedaily.com,Female,78.176.242.36,86-(930)639-5865
651,Randy,Reed,rreedi2@walmart.com,Male,42.178.26.177,963-(231)955-7449
652,Kathy,Boyd,kboydi3@dmoz.org,Female,172.40.181.192,385-(338)113-0605
653,Gerald,Warren,gwarreni4@ask.com,Male,122.116.87.68,62-(241)323-2124
654,Andrew,White,awhitei5@is.gd,Male,149.66.140.18,54-(814)834-0504
655,Michael,Hunt,mhunti6@webnode.com,Male,200.231.120.7,7-(200)849-9650
656,Eric,Alexander,ealexanderi7@marketwatch.com,Male,245.122.34.67,86-(494)543-9145
657,Ralph,Duncan,rduncani8@rakuten.co.jp,Male,228.87.42.11,93-(775)257-6001
658,Anne,Freeman,afreemani9@hhs.gov,Female,224.144.23.197,46-(399)479-2163
659,Ronald,Simmons,rsimmonsia@wix.com,Male,204.240.233.23,7-(975)433-7473
660,Sara,Lopez,slopezib@ifeng.com,Female,157.84.145.200,353-(571)519-3573
661,Jonathan,Dixon,jdixonic@microsoft.com,Male,125.82.96.36,506-(187)405-4762
662,Amanda,Carter,acarterid@businessinsider.com,Female,164.29.210.3,1-(203)765-1819
663,Annie,Porter,aporterie@omniture.com,Female,187.155.221.106,86-(984)930-7328
664,Janice,Reyes,jreyesif@github.io,Female,147.166.68.87,86-(429)548-3020
665,Gary,Bradley,gbradleyig@purevolume.com,Male,175.0.106.15,54-(841)178-8750
666,Howard,Lawrence,hlawrenceih@t.co,Male,61.75.5.34,86-(279)208-2881
667,Emily,Bell,ebellii@japanpost.jp,Female,29.121.112.106,7-(790)533-4849
668,Patricia,Collins,pcollinsij@xinhuanet.com,Female,114.219.28.131,86-(462)884-7378
669,Ruby,Wood,rwoodik@wix.com,Female,60.28.219.66,86-(974)389-3452
670,Pamela,Cruz,pcruzil@1688.com,Female,21.12.224.73,57-(122)792-7371
671,Cheryl,Fuller,cfullerim@un.org,Female,103.130.58.81,86-(455)630-7776
672,Juan,Garza,jgarzain@geocities.jp,Male,203.126.102.227,7-(467)471-3041
673,Gerald,Snyder,gsnyderio@google.com.br,Male,153.122.43.102,57-(724)425-5280
674,Brenda,Mccoy,bmccoyip@google.ru,Female,72.102.69.196,63-(224)433-5133
675,David,Howard,dhowardiq@seattletimes.com,Male,157.7.126.134,62-(322)857-4910
676,Gary,Banks,gbanksir@senate.gov,Male,133.131.251.202,260-(130)755-7805
677,Wanda,Ford,wfordis@elpais.com,Female,196.3.104.150,62-(245)306-7367
678,Cynthia,Marshall,cmarshallit@bbc.co.uk,Female,64.29.149.72,33-(788)210-3525
679,Thomas,Richards,trichardsiu@123-reg.co.uk,Male,129.107.94.244,970-(480)867-3997
680,Joyce,Frazier,jfrazieriv@infoseek.co.jp,Female,55.72.170.47,62-(363)148-4339
681,Antonio,Schmidt,aschmidtiw@last.fm,Male,179.12.173.110,82-(860)380-8947
682,Kimberly,Torres,ktorresix@salon.com,Female,50.135.189.231,62-(246)594-6184
683,Donna,White,dwhiteiy@marketwatch.com,Female,33.157.123.121,66-(639)576-1783
684,Randy,Freeman,rfreemaniz@cam.ac.uk,Male,228.185.250.82,46-(886)467-8359
685,Katherine,Cox,kcoxj0@answers.com,Female,16.240.85.70,57-(341)181-6658
686,Kenneth,Lawson,klawsonj1@ocn.ne.jp,Male,115.20.186.183,234-(556)266-3231
687,Margaret,Torres,mtorresj2@fastcompany.com,Female,211.167.220.106,7-(695)632-7221
688,Rose,Snyder,rsnyderj3@deliciousdays.com,Female,70.89.52.154,48-(859)208-8331
689,Stephen,Nguyen,snguyenj4@uiuc.edu,Male,45.167.5.89,386-(396)557-2370
690,Jessica,Fernandez,jfernandezj5@seesaa.net,Female,164.93.254.215,92-(959)879-5063
691,Heather,Rose,hrosej6@skype.com,Female,76.64.155.210,86-(261)875-6295
692,Andrea,Howard,ahowardj7@ted.com,Female,118.16.102.142,356-(858)839-9235
693,Eric,Carroll,ecarrollj8@sakura.ne.jp,Male,82.22.89.128,95-(419)241-7386
694,Carol,Dunn,cdunnj9@sitemeter.com,Female,229.236.36.225,62-(230)894-6890
695,Paul,Carpenter,pcarpenterja@mit.edu,Male,146.70.39.137,33-(598)267-3919
696,Jerry,Watson,jwatsonjb@scribd.com,Male,165.152.235.238,92-(361)401-5844
697,Irene,Walker,iwalkerjc@ihg.com,Female,16.15.22.198,62-(684)181-8148
698,Sara,Burns,sburnsjd@cocolog-nifty.com,Female,50.120.159.66,850-(812)402-2658
699,Janice,Webb,jwebbje@histats.com,Female,93.164.105.196,62-(757)468-9327
700,Albert,Grant,agrantjf@yolasite.com,Male,31.238.144.208,263-(721)946-7089
701,Doris,Gray,dgrayjg@hp.com,Female,23.187.44.103,33-(316)202-9412
702,Aaron,Griffin,agriffinjh@google.ca,Male,172.253.203.175,62-(423)544-5540
703,Joan,Jones,jjonesji@scientificamerican.com,Female,254.92.233.117,7-(575)686-5291
704,Cynthia,Welch,cwelchjj@umich.edu,Female,67.251.87.208,86-(452)979-7993
705,Kelly,Burke,kburkejk@telegraph.co.uk,Female,24.37.8.254,62-(404)722-0683
706,Judy,Robertson,jrobertsonjl@trellian.com,Female,174.49.177.33,963-(423)835-9043
707,Beverly,Chavez,bchavezjm@yolasite.com,Female,136.176.24.124,86-(487)525-4250
708,Lillian,Jordan,ljordanjn@meetup.com,Female,122.211.26.180,385-(376)316-9476
709,Bobby,Arnold,barnoldjo@feedburner.com,Male,130.161.127.20,380-(552)133-8099
710,Jonathan,Willis,jwillisjp@nymag.com,Male,80.128.209.52,351-(306)321-2076
711,Kelly,Elliott,kelliottjq@va.gov,Female,36.127.82.47,7-(159)457-4367
712,Benjamin,Stone,bstonejr@nature.com,Male,183.232.147.200,351-(113)505-2186
713,Fred,Jordan,fjordanjs@wp.com,Male,227.189.44.56,66-(903)866-1517
714,Alan,Moore,amoorejt@who.int,Male,85.191.47.41,46-(399)410-4025
715,Louis,Jordan,ljordanju@wsj.com,Male,109.234.106.228,30-(573)102-3819
716,Emily,Bell,ebelljv@time.com,Female,207.114.223.209,963-(255)832-0577
717,Judith,Young,jyoungjw@simplemachines.org,Female,72.233.9.95,92-(659)942-4020
718,Mark,Grant,mgrantjx@weebly.com,Male,59.154.25.97,7-(700)632-4592
719,Amanda,Palmer,apalmerjy@tmall.com,Female,59.114.148.201,86-(166)135-4037
720,Jimmy,Powell,jpowelljz@discuz.net,Male,79.227.125.9,351-(722)171-7813
721,Willie,Green,wgreenk0@opensource.org,Male,64.16.150.0,1-(317)756-5863
722,Adam,Harper,aharperk1@microsoft.com,Male,150.140.113.173,86-(684)833-9268
723,Terry,Jacobs,tjacobsk2@icq.com,Male,119.49.90.150,62-(213)509-9492
724,Marilyn,Coleman,mcolemank3@surveymonkey.com,Female,222.211.238.158,52-(659)902-4474
725,Evelyn,Bradley,ebradleyk4@constantcontact.com,Female,168.4.249.201,33-(344)509-8877
726,Howard,Simpson,hsimpsonk5@senate.gov,Male,111.2.11.100,62-(992)383-7868
727,Earl,Wagner,ewagnerk6@nsw.gov.au,Male,115.208.152.166,62-(288)418-0046
728,Mary,Harrison,mharrisonk7@amazon.com,Female,116.81.37.145,86-(289)430-3590
729,Gloria,Castillo,gcastillok8@wsj.com,Female,241.28.230.43,7-(827)891-0417
730,Tammy,Phillips,tphillipsk9@amazon.co.jp,Female,52.177.95.17,33-(913)263-9483
731,Frances,Lopez,flopezka@friendfeed.com,Female,138.49.140.220,420-(813)720-8733
732,Catherine,Carroll,ccarrollkb@networkadvertising.org,Female,228.23.48.250,267-(877)804-4270
733,Heather,Burke,hburkekc@shutterfly.com,Female,67.194.227.3,93-(885)473-6149
734,Donna,Sims,dsimskd@t-online.de,Female,142.77.18.155,380-(698)223-0611
735,Craig,Olson,colsonke@cam.ac.uk,Male,7.77.212.229,86-(716)624-2475
736,Jessica,Bryant,jbryantkf@simplemachines.org,Female,253.38.52.207,48-(791)366-0676
737,Jose,Murphy,jmurphykg@craigslist.org,Male,166.221.41.63,1-(676)796-4835
738,Samuel,Cunningham,scunninghamkh@washingtonpost.com,Male,118.196.91.14,7-(427)915-6278
739,Bobby,Flores,bfloreski@businesswire.com,Male,90.110.204.20,7-(403)637-9297
740,Emily,Porter,eporterkj@clickbank.net,Female,215.45.16.236,57-(615)423-7715
741,Clarence,Larson,clarsonkk@ustream.tv,Male,52.0.152.133,63-(328)622-6940
742,Harold,Shaw,hshawkl@de.vu,Male,34.234.66.222,86-(985)990-7610
743,Johnny,Simmons,jsimmonskm@edublogs.org,Male,154.21.245.154,86-(748)218-1783
744,Jane,Bradley,jbradleykn@hostgator.com,Female,121.206.161.152,962-(587)444-2790
745,Kelly,Kelley,kkelleyko@techcrunch.com,Female,162.107.15.27,33-(629)566-5385
746,Nancy,Burke,nburkekp@mail.ru,Female,147.52.137.233,7-(122)462-4115
747,Fred,Harris,fharriskq@cafepress.com,Male,168.249.90.226,86-(393)148-9525
748,Emily,Simpson,esimpsonkr@nydailynews.com,Female,192.206.204.26,1-(740)236-1014
749,James,Campbell,jcampbellks@ifeng.com,Male,129.109.16.162,66-(459)189-1160
750,Phillip,Hall,phallkt@tiny.cc,Male,233.87.182.152,501-(431)941-7795
751,Ryan,Ross,rrossku@statcounter.com,Male,140.178.99.197,86-(151)461-6701
752,Steve,Perez,sperezkv@ftc.gov,Male,230.204.128.237,86-(418)889-0803
753,Wanda,Boyd,wboydkw@sogou.com,Female,21.61.216.159,51-(669)574-7221
754,Craig,Wagner,cwagnerkx@mlb.com,Male,155.227.143.210,358-(909)390-2914
755,Douglas,Parker,dparkerky@twitpic.com,Male,14.239.151.206,55-(882)861-6440
756,Victor,Rose,vrosekz@51.la,Male,171.140.253.39,62-(940)954-7890
757,Lillian,Henderson,lhendersonl0@nyu.edu,Female,141.244.91.237,86-(624)673-4087
758,Tammy,Burke,tburkel1@nature.com,Female,151.251.118.113,86-(874)146-7321
759,Barbara,Watson,bwatsonl2@amazon.co.jp,Female,244.245.1.193,7-(813)183-7121
760,Donna,Rodriguez,drodriguezl3@go.com,Female,37.235.195.181,62-(918)817-2618
761,Elizabeth,Thomas,ethomasl4@nifty.com,Female,234.83.188.192,1-(309)207-0722
762,Eugene,Pierce,epiercel5@unesco.org,Male,250.229.41.173,7-(115)832-9248
763,Adam,Johnson,ajohnsonl6@4shared.com,Male,82.231.21.125,27-(633)162-0841
764,Larry,Adams,ladamsl7@booking.com,Male,164.189.79.150,351-(964)121-0945
765,Tammy,Ward,twardl8@creativecommons.org,Female,8.41.80.222,86-(147)536-9424
766,Wayne,Ford,wfordl9@vkontakte.ru,Male,23.145.229.141,54-(455)843-4962
767,Howard,Wheeler,hwheelerla@redcross.org,Male,20.152.45.169,55-(130)760-9054
768,Helen,Lawson,hlawsonlb@wikispaces.com,Female,229.54.85.115,86-(632)215-6893
769,Harry,Sullivan,hsullivanlc@epa.gov,Male,145.112.197.93,1-(860)705-9622
770,Christina,Armstrong,carmstrongld@gravatar.com,Female,71.237.96.140,58-(761)198-1633
771,Nancy,Ruiz,nruizle@delicious.com,Female,172.22.87.209,86-(679)452-9739
772,Jonathan,Thomas,jthomaslf@cnet.com,Male,227.255.76.78,1-(904)567-1622
773,Diane,Crawford,dcrawfordlg@timesonline.co.uk,Female,6.130.91.36,1-(784)121-9093
774,Evelyn,Watson,ewatsonlh@multiply.com,Female,6.175.23.80,62-(962)718-8209
775,Judy,Ferguson,jfergusonli@cdc.gov,Female,197.59.175.28,98-(406)338-0672
776,Sandra,Parker,sparkerlj@vinaora.com,Female,78.109.205.2,381-(159)767-3515
777,Lillian,Smith,lsmithlk@flavors.me,Female,195.2.110.50,62-(886)850-9469
778,Shawn,Brooks,sbrooksll@gnu.org,Male,32.183.223.4,269-(276)723-9267
779,Janice,Warren,jwarrenlm@dailymail.co.uk,Female,253.231.209.172,63-(529)531-1184
780,Kevin,Gilbert,kgilbertln@digg.com,Male,56.34.208.190,48-(959)486-3446
781,Denise,Lewis,dlewislo@timesonline.co.uk,Female,127.31.108.32,64-(706)743-3126
782,Ashley,Carter,acarterlp@blogtalkradio.com,Female,115.218.188.86,86-(782)383-2829
783,Robert,Stanley,rstanleylq@scientificamerican.com,Male,22.120.173.165,351-(838)302-4719
784,Robin,Washington,rwashingtonlr@reference.com,Female,77.67.88.109,62-(848)758-2341
785,Timothy,Cox,tcoxls@photobucket.com,Male,96.57.40.32,86-(347)814-8159
786,Sharon,Ryan,sryanlt@stanford.edu,Female,12.62.187.101,86-(284)486-6504
787,Gary,Jordan,gjordanlu@shop-pro.jp,Male,154.227.216.42,86-(625)480-0479
788,Thomas,Grant,tgrantlv@eepurl.com,Male,236.57.5.224,86-(243)792-4577
789,Irene,Perkins,iperkinslw@umn.edu,Female,60.108.105.195,1-(717)403-6168
790,Arthur,Wilson,awilsonlx@un.org,Male,245.183.196.129,33-(986)923-8136
791,Lillian,Burton,lburtonly@webs.com,Female,207.201.93.89,81-(173)811-4161
792,Billy,Alvarez,balvarezlz@telegraph.co.uk,Male,211.141.60.14,225-(828)196-7663
793,Jeremy,Cole,jcolem0@pagesperso-orange.fr,Male,83.150.170.205,33-(910)189-7520
794,Chris,Henry,chenrym1@meetup.com,Male,46.161.237.4,86-(330)283-1151
795,Barbara,Davis,bdavism2@gnu.org,Female,161.29.51.242,60-(241)283-4680
796,Virginia,Cooper,vcooperm3@delicious.com,Female,227.153.208.46,55-(657)978-7363
797,Andrea,Murray,amurraym4@quantcast.com,Female,53.99.216.203,212-(556)586-0622
798,Wanda,Miller,wmillerm5@boston.com,Female,169.20.116.63,62-(885)732-2476
799,Margaret,Vasquez,mvasquezm6@marketwatch.com,Female,22.122.64.129,1-(700)174-4476
800,Patricia,Edwards,pedwardsm7@hostgator.com,Female,205.31.226.44,48-(989)856-8078
801,Annie,Fernandez,afernandezm8@noaa.gov,Female,9.52.154.101,98-(185)651-4819
802,Marilyn,Harvey,mharveym9@eepurl.com,Female,220.151.178.80,86-(957)730-7266
803,Jason,Bowman,jbowmanma@walmart.com,Male,56.99.187.35,7-(402)895-3463
804,Philip,Fowler,pfowlermb@cnet.com,Male,242.150.155.246,386-(825)204-1994
805,Henry,Watkins,hwatkinsmc@123-reg.co.uk,Male,101.194.230.154,86-(320)738-7517
806,Shawn,Day,sdaymd@sina.com.cn,Male,155.45.124.172,374-(807)743-6941
807,Lillian,Jones,ljonesme@oakley.com,Female,116.198.196.50,355-(961)914-6265
808,Jennifer,Snyder,jsnydermf@alibaba.com,Female,152.11.166.173,1-(606)861-3359
809,Sandra,Ross,srossmg@dion.ne.jp,Female,56.83.223.217,66-(338)984-7743
810,Kathy,Martinez,kmartinezmh@joomla.org,Female,6.1.249.93,63-(238)299-4353
811,Lori,Hudson,lhudsonmi@samsung.com,Female,82.134.2.46,7-(786)350-5368
812,Robin,Russell,rrussellmj@pinterest.com,Female,189.187.238.231,30-(373)552-0156
813,Annie,Hunter,ahuntermk@weather.com,Female,138.208.209.156,30-(161)859-7361
814,Gerald,Boyd,gboydml@nih.gov,Male,160.126.25.203,55-(590)839-5479
815,Larry,Ford,lfordmm@g.co,Male,102.200.49.233,371-(311)649-9944
816,Gloria,Ryan,gryanmn@salon.com,Female,221.247.4.43,86-(339)231-7825
817,Albert,Spencer,aspencermo@diigo.com,Male,247.233.143.172,86-(752)944-7466
818,Steve,Mitchell,smitchellmp@rakuten.co.jp,Male,100.117.249.102,7-(229)334-5231
819,Robert,Ellis,rellismq@slate.com,Male,196.73.26.154,992-(353)594-5556
820,Jacqueline,Gonzales,jgonzalesmr@twitpic.com,Female,196.127.148.6,256-(768)287-0174
821,Sara,Stone,sstonems@loc.gov,Female,193.196.177.82,7-(679)618-6750
822,Carolyn,Willis,cwillismt@mlb.com,Female,211.211.206.182,81-(759)316-2197
823,Diana,Perry,dperrymu@dell.com,Female,88.161.90.123,1-(871)164-6336
824,Earl,Franklin,efranklinmv@whitehouse.gov,Male,151.31.3.215,1-(902)151-4968
825,Beverly,Burton,bburtonmw@utexas.edu,Female,181.158.43.238,420-(258)699-5640
826,Richard,Welch,rwelchmx@gmpg.org,Male,37.128.3.216,62-(743)587-4925
827,Russell,Gordon,rgordonmy@xrea.com,Male,132.24.140.23,86-(207)206-5571
828,Sara,Adams,sadamsmz@sciencedaily.com,Female,237.37.8.85,86-(624)338-3896
829,Louis,Torres,ltorresn0@blog.com,Male,56.162.232.223,33-(486)688-6046
830,Craig,Wright,cwrightn1@nhs.uk,Male,204.115.45.218,998-(445)799-4845
831,Sara,Parker,sparkern2@liveinternet.ru,Female,64.132.158.67,33-(850)457-3676
832,Kimberly,Black,kblackn3@google.fr,Female,181.57.129.214,48-(524)967-3528
833,Alice,Hughes,ahughesn4@mayoclinic.com,Female,233.131.228.188,244-(279)221-0826
834,Scott,Duncan,sduncann5@nydailynews.com,Male,121.123.102.165,7-(760)560-5414
835,Steve,Miller,smillern6@ibm.com,Male,0.64.49.183,84-(605)276-1465
836,Sarah,Russell,srusselln7@slate.com,Female,159.236.145.102,86-(254)539-8169
837,Martin,Meyer,mmeyern8@vk.com,Male,60.125.114.145,54-(614)363-1143
838,Todd,Watkins,twatkinsn9@wikimedia.org,Male,72.145.234.136,86-(932)486-1392
839,Wanda,Mendoza,wmendozana@rambler.ru,Female,44.69.114.71,1-(904)946-3776
840,Brenda,Garza,bgarzanb@google.pl,Female,107.181.168.255,86-(387)124-9252
841,Timothy,Moore,tmoorenc@nydailynews.com,Male,140.106.129.104,62-(388)127-6967
842,Phillip,Lawson,plawsonnd@sohu.com,Male,99.242.245.121,53-(589)644-7696
843,Judy,Matthews,jmatthewsne@yahoo.co.jp,Female,192.226.22.106,62-(430)607-6132
844,Andrea,Green,agreennf@linkedin.com,Female,244.254.9.33,86-(822)465-7652
845,Douglas,Cook,dcookng@ed.gov,Male,94.211.217.80,7-(657)576-4460
846,Jeffrey,Arnold,jarnoldnh@dot.gov,Male,81.29.107.58,84-(238)355-6816
847,Bobby,Vasquez,bvasquezni@php.net,Male,255.251.166.92,242-(540)490-3376
848,Janice,Carter,jcarternj@cornell.edu,Female,230.8.25.11,86-(480)669-1490
849,Marilyn,Garrett,mgarrettnk@icio.us,Female,139.71.3.24,84-(281)700-8634
850,Rose,Burton,rburtonnl@google.co.jp,Female,203.100.50.143,86-(677)191-1089
851,Wanda,Fisher,wfishernm@craigslist.org,Female,235.23.135.30,7-(193)535-4861
852,Kevin,Berry,kberrynn@epa.gov,Male,23.135.42.122,7-(908)112-6136
853,Judith,Lewis,jlewisno@ow.ly,Female,186.255.226.241,86-(869)939-9355
854,David,Jones,djonesnp@over-blog.com,Male,99.63.85.89,1-(661)936-3442
855,Henry,Perry,hperrynq@globo.com,Male,210.95.79.45,51-(766)313-9511
856,Sharon,Howell,showellnr@ustream.tv,Female,23.157.66.232,507-(791)560-0982
857,Carolyn,Kennedy,ckennedyns@ucoz.ru,Female,1.37.223.79,7-(699)894-6904
858,Steven,Carr,scarrnt@desdev.cn,Male,217.232.122.225,48-(504)296-9045
859,Jonathan,Elliott,jelliottnu@mysql.com,Male,77.71.33.103,56-(568)700-2373
860,Paula,Nelson,pnelsonnv@com.com,Female,160.240.169.7,62-(508)148-9698
861,Bonnie,Rice,bricenw@csmonitor.com,Female,62.243.249.109,98-(678)953-8624
862,Janice,Stanley,jstanleynx@gov.uk,Female,131.160.25.156,84-(541)270-0897
863,Jessica,Kelly,jkellyny@infoseek.co.jp,Female,177.84.159.245,995-(128)302-0819
864,Peter,Fowler,pfowlernz@globo.com,Male,56.221.221.168,63-(854)377-3578
865,Gerald,Kennedy,gkennedyo0@tripadvisor.com,Male,96.19.31.88,7-(949)794-2791
866,Ann,Reid,areido1@amazon.co.jp,Female,111.241.56.13,506-(979)119-9569
867,Bonnie,Lynch,blyncho2@topsy.com,Female,176.84.158.203,1-(312)306-8192
868,Ruby,Harris,rharriso3@photobucket.com,Female,175.84.208.157,62-(443)852-8699
869,David,Nelson,dnelsono4@de.vu,Male,30.59.254.4,62-(943)180-6972
870,Tina,Pierce,tpierceo5@google.nl,Female,97.70.143.203,212-(687)604-4277
871,Patrick,Russell,prussello6@who.int,Male,21.224.251.185,260-(425)219-7318
872,Wayne,Stevens,wstevenso7@reverbnation.com,Male,225.187.238.71,62-(689)731-4985
873,Anne,Hernandez,ahernandezo8@google.cn,Female,224.94.36.106,850-(456)982-2427
874,Carol,Evans,cevanso9@businessweek.com,Female,43.65.217.178,7-(480)217-2997
875,Irene,Allen,iallenoa@parallels.com,Female,2.60.199.252,62-(282)341-7917
876,Terry,Cooper,tcooperob@xing.com,Male,109.108.105.250,1-(304)179-1898
877,Jack,Garza,jgarzaoc@freewebs.com,Male,81.113.199.21,351-(850)481-7153
878,Ernest,Arnold,earnoldod@who.int,Male,45.16.199.36,86-(456)231-3885
879,Jack,Marshall,jmarshalloe@list-manage.com,Male,230.12.235.227,57-(657)841-5996
880,Stephen,Webb,swebbof@storify.com,Male,16.250.216.118,996-(107)325-0754
881,Robin,Snyder,rsnyderog@1und1.de,Female,85.218.6.117,503-(266)596-6443
882,Steve,Murray,smurrayoh@tmall.com,Male,92.128.39.252,357-(585)776-4473
883,Jesse,Green,jgreenoi@google.com.hk,Male,184.81.134.63,57-(217)464-7825
884,Diane,Allen,dallenoj@forbes.com,Female,115.227.236.166,970-(272)421-1155
885,Louis,Cooper,lcooperok@elpais.com,Male,110.138.228.150,62-(450)372-5034
886,Martin,Bradley,mbradleyol@buzzfeed.com,Male,169.57.164.154,86-(716)744-7095
887,Deborah,Little,dlittleom@blinklist.com,Female,156.66.232.231,62-(576)321-1545
888,Keith,Mason,kmasonon@barnesandnoble.com,Male,20.94.180.74,7-(216)958-3666
889,Carolyn,Hernandez,chernandezoo@ucoz.ru,Female,141.83.42.70,86-(412)862-9512
890,Annie,Turner,aturnerop@amazon.co.jp,Female,237.106.108.152,86-(370)825-9887
891,Tina,Day,tdayoq@studiopress.com,Female,170.125.167.162,86-(485)350-2134
892,Martin,Phillips,mphillipsor@microsoft.com,Male,175.255.238.81,86-(387)635-4005
893,Stephanie,Henry,shenryos@cam.ac.uk,Female,61.149.196.205,992-(780)857-6809
894,Todd,Taylor,ttaylorot@vk.com,Male,175.29.20.59,86-(353)751-0655
895,Jeremy,Rivera,jriveraou@arizona.edu,Male,112.163.165.115,86-(315)504-3037
896,Martha,Carr,mcarrov@flickr.com,Female,47.10.191.211,63-(276)615-4263
897,Kevin,Riley,krileyow@reference.com,Male,61.14.86.106,355-(410)173-6202
898,Louis,Austin,laustinox@seesaa.net,Male,178.161.89.95,86-(570)544-3542
899,Martin,Murphy,mmurphyoy@mtv.com,Male,75.195.228.84,994-(302)541-6005
900,Willie,Mendoza,wmendozaoz@dagondesign.com,Male,154.2.48.146,7-(492)313-9030
901,Denise,Robinson,drobinsonp0@pinterest.com,Female,34.200.196.54,27-(579)430-6600
902,Lawrence,Andrews,landrewsp1@ameblo.jp,Male,31.196.228.177,86-(457)747-4406
903,Ryan,Gray,rgrayp2@facebook.com,Male,80.217.106.136,56-(424)224-4282
904,Denise,Murray,dmurrayp3@oracle.com,Female,178.247.76.217,55-(976)369-5426
905,Billy,Duncan,bduncanp4@nyu.edu,Male,59.135.136.159,62-(559)781-7718
906,Earl,Lane,elanep5@mlb.com,Male,24.122.225.212,63-(701)793-4668
907,Andrea,Ramirez,aramirezp6@merriam-webster.com,Female,140.34.168.56,62-(684)517-7305
908,Johnny,Martinez,jmartinezp7@cmu.edu,Male,157.12.26.182,51-(161)786-9461
909,Julie,Diaz,jdiazp8@bbc.co.uk,Female,229.101.93.212,54-(590)639-5161
910,Carl,Robinson,crobinsonp9@icio.us,Male,195.178.116.9,62-(317)261-7200
911,Henry,Andrews,handrewspa@devhub.com,Male,137.16.196.167,233-(683)834-4563
912,Craig,Nguyen,cnguyenpb@alibaba.com,Male,143.28.58.43,7-(796)411-1225
913,Victor,Castillo,vcastillopc@vistaprint.com,Male,149.168.63.41,7-(127)118-2849
914,Irene,Ray,iraypd@army.mil,Female,231.131.248.48,55-(109)600-0469
915,Eric,Grant,egrantpe@cyberchimps.com,Male,187.199.213.48,212-(861)724-2009
916,Marilyn,Fuller,mfullerpf@posterous.com,Female,171.235.94.32,62-(669)580-2255
917,Shirley,Castillo,scastillopg@oaic.gov.au,Female,243.195.154.102,62-(307)560-5463
918,David,Davis,ddavisph@uol.com.br,Male,111.49.241.52,7-(736)108-2525
919,Lois,Frazier,lfrazierpi@reference.com,Female,148.23.105.5,63-(295)852-5557
920,Carolyn,Scott,cscottpj@huffingtonpost.com,Female,85.128.148.246,62-(857)812-1531
921,Arthur,Payne,apaynepk@g.co,Male,93.108.189.167,86-(157)315-3808
922,Ernest,James,ejamespl@bbc.co.uk,Male,252.101.152.153,62-(839)254-1047
923,James,Clark,jclarkpm@digg.com,Male,158.130.95.160,34-(241)390-8265
924,Doris,Fernandez,dfernandezpn@bbb.org,Female,46.126.14.76,86-(240)451-7538
925,Kevin,Bell,kbellpo@w3.org,Male,243.15.108.211,7-(282)600-8668
926,Kathy,Armstrong,karmstrongpp@cisco.com,Female,117.66.229.192,62-(967)991-5379
927,Marie,Walker,mwalkerpq@imgur.com,Female,111.89.186.201,1-(878)528-9504
928,Dennis,Henry,dhenrypr@whitehouse.gov,Male,103.179.152.2,86-(550)564-4781
929,Nancy,Bryant,nbryantps@infoseek.co.jp,Female,137.232.251.204,86-(449)328-9407
930,Bonnie,Black,bblackpt@google.com.au,Female,185.180.75.205,86-(945)477-4842
931,Sandra,Kennedy,skennedypu@networksolutions.com,Female,176.4.154.21,351-(703)471-6285
932,Joshua,Brooks,jbrookspv@ifeng.com,Male,102.252.110.6,51-(188)656-5303
933,Eric,Romero,eromeropw@phoca.cz,Male,107.193.136.113,63-(922)233-9333
934,Alan,Lawson,alawsonpx@bravesites.com,Male,25.254.249.232,1-(914)887-3720
935,Rebecca,Henderson,rhendersonpy@bbb.org,Female,116.146.56.173,33-(395)673-8321
936,Keith,Edwards,kedwardspz@kickstarter.com,Male,153.122.196.34,62-(535)792-5728
937,Christine,Nelson,cnelsonq0@istockphoto.com,Female,155.123.160.215,48-(648)465-6739
938,George,Lynch,glynchq1@ed.gov,Male,144.233.149.59,62-(202)246-3484
939,Annie,Fowler,afowlerq2@163.com,Female,91.113.23.233,86-(763)476-1012
940,Anthony,Bennett,abennettq3@tumblr.com,Male,138.70.2.52,66-(126)492-9146
941,Teresa,Ward,twardq4@posterous.com,Female,127.229.100.7,351-(134)127-0361
942,Daniel,Little,dlittleq5@reuters.com,Male,17.218.243.118,62-(231)804-0647
943,Brian,Ross,brossq6@senate.gov,Male,176.184.109.78,62-(865)440-9302
944,Dennis,Alexander,dalexanderq7@intel.com,Male,53.225.75.239,62-(362)470-6381
945,Margaret,Andrews,mandrewsq8@si.edu,Female,225.219.229.172,1-(580)177-4388
946,Diana,Andrews,dandrewsq9@clickbank.net,Female,205.127.240.97,86-(293)463-6801
947,Beverly,Smith,bsmithqa@yahoo.com,Female,236.160.78.199,86-(855)705-7521
948,Joyce,Elliott,jelliottqb@hubpages.com,Female,221.182.152.73,254-(858)258-2086
949,Willie,Watson,wwatsonqc@ustream.tv,Male,132.0.35.246,218-(999)475-1784
950,Martin,Mccoy,mmccoyqd@cmu.edu,Male,126.239.15.143,370-(154)686-6605
951,Benjamin,Spencer,bspencerqe@goodreads.com,Male,141.74.80.68,86-(304)857-1346
952,Julie,Ford,jfordqf@google.com.au,Female,121.180.70.194,63-(715)686-6723
953,Samuel,Powell,spowellqg@taobao.com,Male,241.140.211.221,970-(924)563-2741
954,Paul,Armstrong,parmstrongqh@hatena.ne.jp,Male,185.232.246.177,86-(993)872-6793
955,Jennifer,Ruiz,jruizqi@1und1.de,Female,90.110.120.23,62-(525)741-1750
956,Deborah,Gordon,dgordonqj@g.co,Female,42.111.17.57,234-(282)552-6109
957,Bonnie,Carpenter,bcarpenterqk@plala.or.jp,Female,142.235.226.110,212-(383)361-2601
958,Jesse,Greene,jgreeneql@1688.com,Male,134.222.224.248,62-(584)353-1812
959,Jason,Davis,jdavisqm@tripod.com,Male,230.233.62.210,62-(257)406-0511
960,Jesse,Perry,jperryqn@delicious.com,Male,246.75.205.50,55-(658)458-6276
961,Beverly,Peters,bpetersqo@themeforest.net,Female,93.60.156.227,86-(138)666-5744
962,Jeremy,Mitchell,jmitchellqp@unblog.fr,Male,200.245.12.35,86-(812)319-8947
963,Chris,Fuller,cfullerqq@about.me,Male,198.21.23.100,86-(191)376-3915
964,Jeffrey,Little,jlittleqr@ameblo.jp,Male,146.234.183.162,46-(442)439-8226
965,Shirley,Henderson,shendersonqs@dion.ne.jp,Female,52.160.241.123,62-(502)414-4413
966,Jane,Hart,jhartqt@ted.com,Female,121.97.76.202,31-(272)637-2700
967,Ryan,Nichols,rnicholsqu@exblog.jp,Male,109.188.233.222,389-(221)630-1348
968,Theresa,Oliver,toliverqv@nytimes.com,Female,141.82.100.97,52-(658)655-0372
969,Diane,Gomez,dgomezqw@cargocollective.com,Female,84.91.13.122,33-(928)452-0818
970,Randy,Patterson,rpattersonqx@google.fr,Male,150.223.171.109,970-(464)281-2532
971,Jose,Ellis,jellisqy@pinterest.com,Male,144.152.86.152,46-(510)526-3325
972,Rebecca,Woods,rwoodsqz@sohu.com,Female,17.78.196.168,591-(449)222-0940
973,Andrew,George,ageorger0@joomla.org,Male,59.92.34.170,33-(871)748-6142
974,David,Jackson,djacksonr1@dell.com,Male,132.250.122.45,7-(783)401-1433
975,Diane,Bailey,dbaileyr2@chron.com,Female,161.253.241.0,33-(369)173-5889
976,Roger,Romero,rromeror3@printfriendly.com,Male,61.237.15.62,57-(963)487-7783
977,Walter,Martin,wmartinr4@fema.gov,Male,12.23.178.110,55-(245)103-8239
978,Johnny,Cunningham,jcunninghamr5@weather.com,Male,162.68.68.206,7-(253)100-3881
979,David,Reynolds,dreynoldsr6@webmd.com,Male,77.108.253.208,86-(882)478-1488
980,Dennis,Sanders,dsandersr7@shareasale.com,Male,21.62.68.218,86-(940)527-8640
981,Martha,Arnold,marnoldr8@springer.com,Female,161.15.197.27,420-(172)110-1004
982,Howard,Mitchell,hmitchellr9@amazon.co.jp,Male,48.20.178.176,86-(374)361-6886
983,Jason,Willis,jwillisra@mapquest.com,Male,66.230.237.13,30-(753)821-2281
984,Jeremy,Mitchell,jmitchellrb@house.gov,Male,103.74.32.103,1-(515)134-8753
985,Judy,Wagner,jwagnerrc@theatlantic.com,Female,142.22.123.50,46-(627)860-5588
986,Stephen,Sims,ssimsrd@yandex.ru,Male,215.29.28.201,972-(847)867-4890
987,Mildred,Freeman,mfreemanre@diigo.com,Female,230.43.98.212,86-(560)308-8303
988,Tina,Johnson,tjohnsonrf@tripod.com,Female,246.40.138.232,380-(246)150-2416
989,Jimmy,Weaver,jweaverrg@gmpg.org,Male,236.16.135.170,53-(555)535-9257
990,Lawrence,Willis,lwillisrh@hc360.com,Male,227.191.190.27,62-(223)219-6050
991,Stephanie,Cooper,scooperri@nytimes.com,Female,20.206.125.248,970-(607)345-5793
992,Betty,Peters,bpetersrj@wikipedia.org,Female,143.92.113.70,62-(651)240-0474
993,Patricia,Evans,pevansrk@soundcloud.com,Female,13.106.237.229,591-(703)845-8017
994,Sandra,Allen,sallenrl@washington.edu,Female,191.114.229.36,62-(626)194-3406
995,David,Hayes,dhayesrm@hubpages.com,Male,225.159.194.19,47-(670)200-4286
996,Joan,Mcdonald,jmcdonaldrn@aol.com,Female,15.83.19.226,7-(732)904-0249
997,Ashley,Woods,awoodsro@seattletimes.com,Female,172.137.118.120,351-(927)121-3431
998,Diane,Scott,dscottrp@un.org,Female,140.134.128.155,62-(290)407-1003
999,Marie,Reid,mreidrq@goodreads.com,Female,167.159.30.48,58-(282)905-8495
1000,Ernest,Kim,ekimrr@oaic.gov.au,Male,40.180.228.124,62-(177)804-6079
